item_id,knowledge_code
1708,"[284]"
1713,"[266]"
1715,"[225]"
1717,"[110]"
1718,"[232]"
1719,"[78]"
1720,"[78]"
1721,"[1, 1]"
1723,"[79]"
1724,"[88]"
1725,"[78]"
1727,"[168]"
1732,"[40]"
1733,"[158]"
1735,"[155]"
1739,"[18]"
1740,"[18]"
1742,"[118]"
1743,"[40]"
1744,"[55]"
1747,"[246]"
1748,"[168]"
1752,"[1]"
1753,"[78]"
1754,"[18]"
1755,"[19]"
1756,"[1]"
1757,"[2, 3, 4, 5, 3, 6, 7, 71]"
1759,"[55]"
1761,"[251]"
1766,"[150]"
1771,"[15]"
1774,"[40]"
1775,"[8, 9, 10, 11, 8]"
1776,"[158]"
1779,"[225]"
1780,"[55]"
1782,"[1]"
1784,"[263]"
1785,"[40]"
1786,"[158]"
1791,"[193]"
1794,"[193]"
1795,"[1]"
1798,"[248]"
1799,"[227]"
1803,"[165]"
1805,"[277]"
1806,"[232]"
1808,"[44]"
1809,"[165]"
1810,"[64]"
1811,"[142]"
1812,"[173]"
1813,"[78]"
1814,"[190]"
1816,"[307]"
1818,"[80]"
1820,"[44]"
1821,"[172]"
1822,"[55]"
1826,"[78]"
1828,"[78]"
1830,"[168]"
1832,"[1]"
1836,"[142]"
1837,"[252]"
1839,"[19]"
1840,"[80]"
1841,"[80]"
1842,"[266]"
1843,"[271]"
1847,"[158]"
1848,"[55]"
1849,"[252]"
1850,"[79]"
1851,"[88]"
1854,"[232]"
1855,"[1]"
1860,"[221]"
1861,"[47]"
1862,"[273]"
1863,"[191]"
1864,"[42]"
1866,"[80]"
1867,"[226]"
1869,"[241]"
1871,"[55]"
1872,"[55]"
1875,"[46]"
1876,"[88]"
1878,"[78]"
1880,"[172]"
1882,"[12, 13, 168]"
1884,"[279]"
1886,"[210]"
1889,"[221]"
1890,"[172]"
1892,"[168]"
1894,"[118]"
1895,"[32]"
1897,"[80]"
1899,"[132]"
1900,"[364]"
1901,"[221]"
1902,"[40]"
1904,"[1]"
1905,"[250]"
1906,"[70]"
1910,"[237]"
1912,"[225]"
1915,"[19]"
1917,"[166]"
1918,"[55]"
1920,"[78]"
1921,"[191]"
1922,"[15, 15]"
1925,"[79]"
1926,"[40]"
1928,"[110]"
1929,"[1]"
1931,"[221]"
1933,"[45]"
1934,"[88]"
1936,"[158]"
1942,"[88]"
1943,"[227]"
1944,"[338]"
1948,"[19, 19, 19, 19, 19]"
1949,"[158]"
1950,"[20, 7, 21, 22, 23, 24, 6, 2, 71]"
1951,"[80]"
1954,"[145]"
1955,"[284]"
1956,"[263]"
1957,"[221]"
1958,"[168]"
1959,"[263]"
1960,"[158]"
1961,"[158]"
1962,"[158]"
1964,"[78]"
1966,"[118]"
1973,"[55]"
1975,"[193]"
1976,"[54]"
1977,"[47]"
1981,"[298]"
1983,"[208]"
1985,"[40]"
1986,"[110]"
1987,"[96]"
1989,"[193]"
1990,"[25, 25, 25, 25]"
1993,"[266]"
1994,"[266]"
1995,"[338]"
1997,"[80]"
2000,"[155]"
2001,"[15]"
2002,"[166]"
2003,"[80]"
2004,"[251]"
2010,"[27, 28, 29, 30, 27]"
2011,"[18]"
2013,"[110]"
2015,"[221]"
2020,"[173]"
2021,"[70]"
2024,"[225]"
2025,"[168]"
2027,"[251]"
2030,"[79]"
2031,"[233]"
2033,"[19]"
2037,"[45]"
2038,"[142]"
2039,"[251]"
2042,"[252]"
2043,"[44]"
2044,"[110]"
2048,"[266]"
2049,"[64]"
2050,"[19]"
2051,"[338]"
2053,"[191]"
2055,"[232]"
2059,"[78]"
2063,"[31, 87]"
2064,"[225]"
2065,"[55]"
2066,"[55]"
2068,"[158]"
2069,"[19]"
2071,"[266]"
2072,"[40]"
2073,"[246]"
2078,"[159]"
2079,"[232]"
2080,"[266]"
2083,"[55]"
2085,"[237]"
2090,"[19]"
2097,"[271]"
2100,"[208]"
2101,"[1]"
2102,"[237]"
2105,"[224]"
2106,"[225]"
2107,"[218]"
2108,"[1]"
2109,"[261]"
2110,"[118]"
2111,"[246]"
2112,"[252]"
2114,"[145]"
2115,"[88]"
2116,"[208]"
2119,"[44]"
2120,"[55]"
2122,"[78]"
2123,"[165]"
2124,"[55]"
2129,"[18]"
2130,"[1]"
2131,"[208]"
2133,"[250]"
2135,"[266]"
2137,"[221]"
2138,"[338]"
2140,"[165]"
2141,"[78]"
2142,"[266]"
2144,"[233]"
2145,"[32, 32]"
2146,"[19]"
2148,"[55]"
2149,"[168]"
2150,"[219]"
2151,"[83]"
2152,"[271]"
2153,"[158]"
2157,"[110]"
2158,"[147]"
2159,"[14, 14, 277]"
2160,"[298]"
2161,"[266]"
2162,"[18]"
2168,"[88]"
2169,"[279]"
2171,"[88]"
2173,"[168]"
2175,"[110]"
2178,"[49]"
2180,"[246]"
2181,"[79]"
2182,"[168]"
2188,"[1]"
2189,"[79]"
2192,"[263]"
2197,"[1]"
2201,"[193]"
2203,"[221]"
2205,"[78]"
2207,"[49]"
2210,"[221]"
2211,"[277]"
2213,"[219]"
2214,"[84]"
2215,"[88]"
2216,"[1]"
2217,"[134]"
2219,"[134]"
2220,"[78]"
2221,"[266]"
2229,"[165]"
2230,"[40, 40, 40]"
2234,"[221]"
2237,"[1]"
2238,"[219]"
2239,"[132]"
2245,"[221]"
2246,"[159]"
2247,"[55]"
2248,"[172]"
2249,"[134]"
2250,"[225]"
2251,"[190]"
2257,"[168]"
2259,"[266]"
2262,"[54]"
2264,"[19]"
2265,"[47]"
2266,"[269]"
2268,"[54]"
2272,"[252]"
2273,"[44]"
2275,"[186]"
2276,"[1]"
2277,"[42, 42, 43, 55]"
2278,"[139]"
2279,"[352]"
2289,"[158]"
2290,"[208]"
2291,"[168]"
2294,"[134]"
2296,"[87]"
2297,"[227]"
2298,"[40]"
2299,"[55]"
2300,"[87]"
2303,"[88]"
2304,"[87]"
2305,"[266]"
2307,"[227]"
2309,"[220]"
2310,"[44, 44]"
2311,"[306]"
2312,"[45, 45]"
2316,"[263]"
2319,"[219]"
2320,"[44]"
2322,"[165]"
2324,"[55]"
2326,"[168]"
2328,"[49]"
2329,"[168]"
2331,"[55]"
2334,"[168]"
2335,"[19]"
2336,"[277]"
2337,"[168]"
2339,"[19]"
2340,"[326]"
2342,"[173]"
2347,"[266]"
2349,"[170]"
2351,"[78]"
2352,"[266]"
2353,"[224]"
2359,"[44]"
2361,"[170]"
2362,"[134]"
2364,"[44]"
2365,"[165]"
2366,"[266]"
2367,"[186]"
2368,"[42]"
2370,"[221]"
2371,"[1]"
2372,"[80]"
2374,"[80]"
2375,"[338]"
2376,"[49]"
2377,"[172]"
2379,"[225]"
2382,"[44]"
2385,"[140]"
2386,"[364]"
2388,"[246]"
2390,"[139]"
2392,"[271]"
2394,"[170]"
2395,"[168]"
2396,"[150]"
2397,"[32]"
2399,"[1]"
2402,"[18]"
2406,"[226]"
2409,"[248]"
2412,"[19]"
2414,"[142]"
2416,"[168]"
2417,"[248]"
2420,"[18]"
2421,"[69]"
2422,"[44]"
2424,"[266]"
2428,"[49, 49]"
2429,"[273]"
2430,"[273]"
2435,"[166]"
2436,"[64]"
2437,"[266]"
2438,"[233]"
2439,"[219]"
2442,"[50, 51, 52, 53, 183]"
2443,"[79]"
2444,"[19]"
2445,"[55]"
2446,"[252]"
2448,"[47]"
2450,"[194]"
2451,"[80]"
2453,"[19]"
2454,"[263]"
2455,"[237]"
2456,"[47]"
2457,"[246]"
2458,"[158]"
2462,"[1]"
2463,"[263]"
2464,"[284]"
2466,"[45]"
2468,"[71]"
2470,"[47]"
2471,"[173]"
2473,"[80]"
2474,"[47]"
2476,"[109]"
2479,"[227]"
2481,"[220]"
2482,"[168]"
2484,"[69]"
2485,"[221]"
2490,"[15]"
2492,"[84]"
2498,"[219]"
2499,"[230]"
2500,"[80]"
2502,"[19]"
2503,"[168]"
2504,"[284]"
2505,"[78]"
2506,"[219]"
2509,"[80]"
2512,"[44]"
2514,"[134]"
2518,"[56, 56, 45]"
2520,"[1]"
2521,"[191]"
2522,"[84]"
2526,"[42]"
2529,"[54]"
2530,"[80]"
2533,"[172]"
2537,"[326]"
2541,"[246]"
2544,"[219]"
2545,"[55]"
2547,"[284]"
2551,"[80]"
2552,"[19]"
2553,"[166]"
2556,"[55]"
2558,"[87]"
2559,"[233]"
2560,"[172]"
2561,"[57, 58, 58, 59, 60, 57, 61, 228]"
2562,"[261]"
2564,"[32]"
2565,"[284]"
2566,"[87]"
2567,"[42]"
2569,"[266]"
2572,"[15]"
2573,"[87]"
2574,"[158]"
2575,"[134]"
2577,"[80]"
2578,"[109]"
2579,"[165]"
2581,"[134]"
2582,"[55]"
2584,"[140]"
2585,"[227]"
2587,"[25]"
2588,"[55]"
2590,"[55]"
2593,"[241]"
2594,"[168]"
2597,"[19]"
2600,"[16, 17, 18]"
2601,"[263]"
2602,"[168]"
2604,"[19]"
2609,"[190]"
2611,"[55]"
2612,"[168]"
2613,"[78]"
2614,"[239]"
2615,"[134]"
2616,"[55]"
2618,"[221]"
2619,"[42]"
2624,"[158]"
2625,"[190]"
2629,"[168]"
2630,"[221]"
2632,"[165]"
2635,"[42]"
2636,"[165]"
2640,"[55]"
2641,"[269]"
2649,"[338]"
2652,"[271]"
2658,"[155]"
2660,"[134]"
2661,"[168]"
2662,"[298]"
2663,"[221]"
2664,"[166]"
2665,"[54]"
2666,"[25, 25, 62, 62, 63, 25, 62, 60, 61, 25]"
2669,"[233]"
2670,"[224]"
2671,"[19]"
2675,"[44]"
2676,"[246]"
2682,"[64]"
2683,"[134]"
2684,"[46]"
2685,"[32]"
2689,"[158]"
2690,"[186]"
2693,"[168]"
2694,"[220]"
2699,"[266]"
2701,"[133]"
2703,"[64, 65, 78]"
2704,"[208]"
2706,"[191]"
2707,"[266]"
2708,"[266]"
2710,"[1]"
2712,"[44]"
2714,"[168]"
2715,"[78]"
2716,"[83]"
2723,"[87]"
2724,"[145]"
2725,"[225]"
2726,"[142]"
2727,"[263]"
2728,"[87]"
2729,"[352]"
2730,"[266]"
2732,"[158]"
2733,"[40]"
2736,"[70]"
2740,"[225]"
2741,"[71]"
2743,"[233]"
2744,"[168]"
2745,"[166]"
2746,"[87]"
2747,"[69]"
2748,"[165]"
2750,"[47]"
2751,"[266]"
2752,"[261]"
2753,"[88]"
2754,"[45]"
2755,"[88]"
2756,"[19]"
2760,"[221]"
2761,"[165]"
2763,"[87]"
2765,"[232]"
2768,"[78]"
2769,"[84]"
2770,"[19]"
2771,"[49]"
2772,"[232]"
2784,"[266]"
2788,"[44]"
2789,"[88]"
2792,"[88]"
2793,"[190]"
2794,"[42, 42, 43, 55]"
2800,"[87]"
2802,"[158]"
2806,"[142]"
2810,"[218]"
2811,"[1]"
2813,"[165]"
2814,"[42]"
2815,"[19, 19, 19]"
2817,"[277]"
2819,"[87]"
2820,"[62, 62, 62, 62]"
2823,"[266]"
2825,"[84]"
2829,"[78]"
2833,"[241]"
2837,"[246]"
2840,"[239]"
2842,"[47]"
2844,"[225]"
2848,"[45]"
2850,"[326]"
2851,"[219]"
2852,"[168]"
2853,"[227]"
2855,"[110]"
2857,"[71, 71, 71]"
2859,"[251]"
2860,"[266]"
2862,"[1]"
2865,"[221]"
2866,"[158]"
2868,"[221]"
2873,"[340]"
2874,"[142]"
2875,"[193]"
2876,"[19]"
2877,"[208]"
2878,"[1]"
2879,"[266]"
2881,"[140]"
2883,"[142]"
2886,"[252]"
2888,"[338]"
2889,"[219]"
2891,"[172]"
2896,"[1]"
2897,"[1]"
2901,"[42]"
2903,"[19]"
2905,"[84]"
2906,"[96]"
2909,"[72, 72, 72, 49]"
2913,"[227]"
2915,"[78]"
2917,"[168]"
2918,"[252]"
2919,"[193]"
2920,"[79, 79, 79]"
2921,"[250]"
2924,"[80, 81, 80, 80]"
2930,"[49]"
2931,"[193]"
2932,"[1]"
2933,"[44]"
2935,"[82, 208]"
2937,"[1]"
2939,"[40]"
2941,"[78]"
2945,"[158]"
2946,"[79]"
2947,"[142]"
2948,"[168]"
2949,"[139]"
2951,"[55]"
2952,"[133]"
2955,"[251]"
2956,"[145]"
2957,"[110]"
2959,"[186]"
2961,"[165]"
2964,"[88]"
2968,"[55]"
2970,"[139]"
2972,"[158]"
2974,"[78]"
2978,"[168]"
2979,"[246]"
2981,"[273]"
2983,"[49]"
2985,"[191]"
2986,"[208]"
2990,"[110]"
2991,"[233]"
2992,"[252]"
2993,"[219]"
2997,"[19]"
2998,"[284]"
3000,"[232]"
3002,"[165]"
3007,"[71]"
3008,"[168]"
3009,"[208]"
3010,"[19]"
3012,"[220]"
3013,"[159]"
3015,"[170]"
3016,"[40]"
3018,"[140]"
3019,"[225]"
3022,"[231]"
3024,"[208]"
3029,"[1]"
3030,"[32]"
3031,"[132]"
3033,"[232]"
3034,"[221]"
3036,"[221]"
3038,"[140]"
3039,"[165]"
3040,"[44]"
3044,"[219]"
3045,"[70]"
3046,"[233]"
3053,"[165]"
3054,"[210]"
3056,"[118]"
3058,"[168]"
3062,"[252]"
3065,"[78]"
3067,"[168]"
3070,"[88]"
3071,"[266]"
3072,"[84, 84, 84]"
3076,"[221]"
3079,"[55]"
3080,"[88]"
3081,"[208]"
3082,"[19]"
3084,"[159]"
3088,"[166]"
3094,"[219]"
3095,"[173]"
3096,"[88]"
3098,"[158]"
3101,"[227]"
3103,"[40]"
3104,"[55]"
3105,"[259]"
3106,"[145]"
3107,"[84]"
3108,"[142]"
3109,"[19]"
3110,"[263]"
3112,"[208]"
3113,"[246]"
3115,"[49]"
3122,"[85, 38, 340]"
3125,"[79]"
3129,"[186]"
3131,"[55]"
3136,"[338]"
3137,"[165]"
3143,"[364]"
3145,"[18]"
3146,"[168]"
3148,"[87]"
3150,"[186]"
3152,"[246]"
3153,"[88]"
3154,"[134]"
3156,"[233]"
3158,"[1]"
3160,"[165]"
3164,"[220]"
3165,"[49]"
3167,"[47]"
3172,"[96]"
3173,"[132]"
3174,"[220]"
3175,"[273]"
3176,"[78]"
3177,"[55]"
3179,"[221]"
3183,"[46]"
3185,"[40]"
3186,"[246]"
3194,"[46]"
3195,"[70]"
3200,"[168]"
3202,"[168]"
3205,"[19]"
3206,"[251]"
3208,"[266]"
3210,"[172]"
3221,"[165]"
3224,"[263]"
3225,"[210]"
3234,"[223]"
3236,"[266]"
3237,"[232]"
3239,"[298]"
3243,"[44]"
3244,"[1]"
3245,"[326]"
3247,"[88, 88]"
3249,"[227]"
3250,"[221]"
3251,"[140]"
3253,"[221]"
3254,"[78]"
3255,"[87]"
3258,"[55]"
3260,"[55]"
3261,"[80]"
3263,"[252]"
3265,"[96]"
3266,"[78]"
3269,"[49]"
3270,"[79]"
3273,"[110]"
3275,"[221]"
3276,"[46]"
3277,"[266]"
3278,"[46]"
3281,"[134]"
3283,"[71]"
3284,"[165]"
3286,"[46]"
3289,"[237]"
3293,"[88]"
3294,"[19]"
3295,"[145]"
3297,"[165]"
3299,"[89, 90, 91, 92, 93, 94, 110]"
3300,"[273]"
3304,"[55]"
3305,"[54]"
3306,"[42]"
3307,"[168]"
3308,"[19]"
3309,"[263]"
3311,"[42]"
3316,"[168]"
3317,"[266]"
3318,"[1]"
3319,"[237]"
3320,"[345]"
3322,"[18]"
3324,"[158]"
3329,"[55]"
3330,"[105]"
3331,"[158]"
3332,"[159]"
3343,"[232]"
3345,"[341]"
3346,"[10, 95, 9, 8, 10]"
3347,"[96, 158]"
3355,"[237]"
3357,"[1]"
3358,"[1]"
3363,"[364]"
3365,"[165]"
3367,"[80]"
3371,"[246]"
3372,"[14, 14, 298]"
3374,"[69]"
3376,"[232]"
3377,"[306]"
3378,"[246]"
3379,"[165]"
3380,"[46]"
3381,"[340]"
3382,"[97, 98, 186]"
3383,"[78]"
3384,"[78]"
3387,"[88]"
3388,"[54]"
3389,"[88]"
3391,"[219]"
3398,"[55]"
3402,"[266]"
3403,"[1]"
3404,"[208]"
3405,"[155]"
3408,"[269]"
3409,"[168]"
3410,"[159]"
3411,"[218]"
3412,"[21, 6, 22, 99, 23, 7, 24, 20, 71]"
3413,"[1]"
3422,"[168]"
3423,"[165]"
3425,"[1]"
3426,"[42]"
3427,"[78]"
3428,"[19]"
3433,"[172]"
3434,"[19]"
3435,"[71]"
3436,"[87]"
3437,"[55]"
3440,"[132]"
3443,"[246]"
3444,"[166]"
3445,"[191]"
3449,"[252]"
3450,"[158]"
3454,"[210]"
3456,"[19]"
3459,"[341]"
3460,"[55]"
3461,"[263]"
3462,"[55]"
3464,"[42]"
3466,"[78]"
3468,"[62, 102, 103, 104, 62, 62, 62]"
3469,"[145]"
3470,"[266]"
3473,"[309]"
3475,"[364]"
3476,"[252]"
3481,"[246]"
3483,"[79]"
3485,"[165]"
3490,"[386]"
3495,"[142]"
3496,"[110]"
3499,"[1]"
3500,"[221]"
3501,"[78]"
3504,"[165]"
3505,"[71]"
3507,"[170]"
3508,"[19]"
3514,"[214]"
3515,"[42]"
3516,"[168]"
3517,"[208]"
3518,"[266]"
3520,"[47]"
3521,"[49]"
3525,"[251]"
3526,"[186]"
3529,"[225]"
3532,"[261]"
3533,"[232]"
3535,"[80]"
3536,"[246]"
3537,"[165]"
3541,"[78]"
3543,"[208]"
3546,"[246]"
3547,"[208]"
3549,"[55]"
3550,"[208]"
3556,"[132]"
3559,"[168]"
3562,"[194]"
3564,"[252]"
3566,"[83, 83, 106, 227]"
3568,"[1]"
3569,"[142]"
3571,"[15]"
3573,"[55]"
3574,"[1]"
3575,"[109]"
3576,"[142]"
3578,"[356]"
3579,"[107, 108, 186]"
3581,"[55]"
3583,"[225]"
3586,"[83]"
3587,"[78]"
3592,"[109, 109]"
3593,"[55]"
3594,"[266]"
3595,"[284]"
3596,"[266]"
3599,"[19]"
3600,"[54]"
3602,"[271]"
3603,"[45]"
3604,"[165]"
3605,"[79]"
3606,"[266]"
3608,"[19]"
3609,"[55]"
3610,"[55]"
3613,"[219]"
3617,"[80]"
3618,"[147]"
3619,"[134]"
3621,"[19]"
3622,"[232]"
3624,"[263]"
3628,"[364]"
3632,"[55]"
3633,"[246]"
3636,"[134]"
3638,"[70]"
3639,"[45]"
3641,"[19]"
3643,"[233]"
3648,"[69]"
3650,"[64]"
3651,"[251]"
3654,"[284]"
3657,"[168]"
3658,"[170]"
3659,"[47]"
3661,"[165]"
3663,"[225]"
3664,"[78]"
3665,"[44]"
3666,"[55]"
3669,"[232]"
3670,"[110, 111, 112, 113, 110]"
3671,"[259]"
3672,"[232]"
3674,"[168]"
3680,"[185]"
3683,"[165]"
3684,"[356]"
3686,"[83]"
3689,"[46]"
3690,"[165]"
3691,"[168]"
3693,"[49]"
3694,"[118, 46]"
3696,"[19]"
3699,"[266]"
3700,"[142]"
3702,"[78]"
3704,"[110]"
3705,"[42]"
3706,"[186]"
3709,"[19]"
3712,"[194]"
3714,"[142]"
3715,"[172]"
3717,"[159]"
3720,"[32]"
3722,"[232]"
3723,"[227]"
3724,"[119, 119, 119]"
3725,"[225]"
3728,"[266]"
3729,"[42]"
3730,"[84]"
3731,"[69]"
3733,"[145]"
3736,"[19]"
3737,"[165]"
3740,"[273]"
3741,"[54]"
3742,"[120, 121, 122, 120]"
3743,"[123, 124, 18, 18, 79]"
3745,"[142]"
3746,"[165]"
3749,"[19]"
3754,"[42]"
3756,"[55]"
3758,"[233]"
3760,"[165]"
3761,"[84]"
3762,"[158]"
3763,"[263]"
3765,"[80]"
3766,"[19]"
3773,"[250]"
3774,"[168]"
3779,"[46]"
3782,"[78]"
3783,"[83]"
3787,"[139]"
3789,"[259]"
3790,"[158]"
3793,"[215]"
3794,"[266]"
3796,"[1]"
3797,"[79]"
3798,"[251]"
3802,"[84]"
3804,"[55]"
3806,"[78]"
3808,"[40]"
3809,"[158]"
3810,"[219]"
3813,"[19]"
3816,"[45]"
3821,"[252]"
3824,"[147]"
3828,"[44]"
3834,"[110]"
3835,"[88]"
3836,"[252]"
3837,"[19]"
3838,"[266]"
3839,"[139]"
3840,"[55]"
3842,"[168]"
3843,"[157]"
3844,"[221]"
3845,"[55]"
3847,"[208]"
3848,"[168]"
3849,"[165]"
3857,"[158]"
3858,"[44]"
3862,"[70]"
3863,"[45]"
3864,"[84]"
3865,"[158]"
3867,"[134]"
3868,"[168]"
3869,"[338]"
3870,"[49]"
3873,"[134]"
3875,"[140]"
3877,"[172]"
3878,"[253]"
3881,"[168]"
3882,"[165]"
3883,"[78]"
3885,"[364]"
3890,"[1]"
3891,"[189]"
3892,"[263]"
3893,"[134]"
3895,"[32]"
3896,"[221]"
3897,"[79]"
3898,"[19]"
3899,"[139]"
3900,"[88]"
3902,"[250]"
3904,"[252]"
3905,"[142]"
3907,"[246]"
3911,"[44]"
3913,"[134]"
3914,"[168]"
3917,"[158]"
3918,"[55, 126, 127, 55]"
3921,"[252]"
3922,"[277]"
3926,"[266]"
3928,"[219]"
3929,"[338]"
3930,"[266]"
3933,"[251]"
3934,"[219]"
3936,"[80]"
3937,"[78]"
3940,"[219]"
3941,"[208]"
3943,"[88]"
3946,"[168]"
3947,"[168]"
3948,"[166]"
3951,"[248]"
3952,"[227]"
3953,"[221]"
3954,"[168]"
3959,"[84]"
3962,"[71]"
3964,"[233]"
3967,"[118]"
3968,"[47]"
3970,"[18]"
3975,"[221]"
3978,"[40]"
3979,"[224]"
3980,"[1]"
3981,"[132]"
3982,"[78]"
3985,"[168]"
3986,"[80]"
3987,"[47]"
3988,"[87]"
3989,"[284]"
3990,"[118]"
3991,"[19]"
3992,"[88]"
3995,"[142]"
3998,"[221]"
3999,"[165]"
4000,"[55]"
4002,"[231]"
4003,"[49]"
4006,"[1]"
4007,"[173]"
4013,"[140]"
4014,"[55]"
4015,"[168]"
4017,"[168]"
4018,"[70]"
4019,"[1, 1]"
4020,"[47, 47]"
4022,"[237]"
4029,"[219]"
4030,"[225]"
4031,"[19]"
4033,"[70]"
4034,"[233]"
4035,"[70]"
4039,"[168]"
4040,"[87]"
4042,"[1]"
4044,"[263]"
4048,"[55]"
4049,"[233]"
4050,"[225]"
4052,"[219]"
4053,"[220]"
4055,"[158]"
4057,"[284]"
4059,"[168]"
4064,"[45]"
4065,"[97, 98, 38, 182]"
4068,"[134]"
4069,"[32]"
4070,"[15]"
4071,"[142]"
4073,"[1]"
4076,"[165]"
4077,"[184]"
4079,"[96]"
4080,"[215]"
4081,"[134]"
4086,"[356]"
4087,"[165]"
4088,"[168]"
4090,"[1]"
4091,"[158]"
4092,"[32]"
4094,"[266]"
4098,"[279]"
4101,"[220]"
4102,"[221]"
4103,"[55]"
4104,"[184]"
4105,"[237]"
4107,"[225]"
4108,"[110]"
4109,"[19]"
4110,"[172]"
4112,"[165]"
4113,"[42]"
4116,"[110]"
4120,"[84]"
4122,"[155]"
4123,"[168]"
4124,"[19]"
4125,"[172]"
4126,"[165]"
4127,"[145]"
4129,"[122, 85, 120, 121, 183]"
4134,"[356]"
4137,"[142]"
4139,"[121, 120, 121]"
4146,"[1]"
4147,"[284]"
4148,"[326]"
4149,"[227]"
4154,"[87]"
4155,"[193]"
4156,"[236]"
4157,"[62, 62, 62, 62]"
4158,"[47]"
4161,"[132, 132, 132]"
4162,"[62]"
4164,"[132]"
4165,"[266]"
4166,"[78]"
4196,"[133, 133]"
4197,"[134, 135, 136, 134, 134]"
4199,"[138, 138, 110, 137, 111, 137, 112, 113, 110]"
4200,"[139, 139, 139]"
4202,"[69, 69, 69]"
4236,"[153, 153, 80]"
4237,"[154, 165]"
4238,"[155, 156, 157, 157, 155]"
4239,"[64, 65, 78]"
4241,"[153, 153, 158]"
4243,"[155, 156, 155]"
4244,"[158, 158, 158]"
4245,"[158, 158, 158]"
4276,"[168, 168, 169, 168]"
4277,"[168, 168, 169, 168]"
4278,"[157, 157, 69, 69, 69]"
4279,"[170, 170, 170, 168]"
4280,"[171, 172, 168]"
4281,"[170, 170, 170, 168]"
4283,"[173, 174, 175, 168]"
4321,"[132, 15, 185]"
4361,"[190, 190, 190]"
4362,"[184, 184, 185, 191, 191, 191, 184]"
4364,"[191, 191, 191, 184, 184, 184]"
4365,"[190, 185, 190, 190]"
4366,"[192, 189, 189, 189, 192, 192]"
4367,"[184, 184, 191, 191, 191, 184]"
4368,"[191, 191, 191, 191]"
4391,"[17, 136, 18, 18, 16, 18]"
4392,"[126, 127, 42]"
4394,"[16, 17, 136, 18, 18, 18]"
4395,"[18, 18, 16, 17, 136, 18]"
4398,"[42, 42, 43, 42]"
4573,"[221, 222, 209, 88, 220, 221]"
4574,"[157, 69, 69, 157, 69]"
4580,"[154, 298]"
4585,"[39, 39, 39]"
4587,"[132, 132]"
4588,"[79, 79, 18, 136, 18, 18]"
4595,"[227, 227, 227, 83, 83, 106, 227, 83]"
4597,"[228, 210]"
4598,"[219, 219]"
4604,"[214, 214, 214]"
4629,"[241, 242, 243, 241]"
4635,"[250, 250]"
4636,"[220, 219, 221]"
4637,"[40, 69, 142, 40, 246, 246, 69, 142, 246]"
4642,"[69, 69, 157, 142, 157, 142, 142]"
4643,"[251, 219, 46, 220, 172]"
4645,"[40, 40, 40]"
4651,"[158, 158, 158]"
4653,"[1, 1]"
4654,"[1, 1]"
4670,"[154, 298]"
4683,"[255, 39, 39, 256, 80]"
4686,"[218, 218]"
4689,"[185, 132, 32]"
4690,"[18, 18, 136, 18]"
4694,"[42, 43, 190, 42, 17, 132, 15, 136, 185, 55]"
4695,"[18, 136, 79, 79, 18, 18]"
4702,"[227, 227]"
4705,"[83, 83, 83, 83, 227, 83]"
4707,"[227, 259, 227]"
4711,"[227, 227]"
4717,"[46, 46]"
4718,"[251, 64]"
4719,"[228, 168]"
4730,"[232, 232]"
4731,"[231, 231]"
4732,"[232, 232]"
4736,"[19, 19, 19]"
4739,"[96, 49]"
4743,"[78, 78]"
4746,"[232, 232]"
4747,"[232, 232]"
4750,"[134, 134, 135, 134]"
4752,"[140, 134, 134, 135, 140, 140]"
4761,"[134, 134, 135, 134]"
4779,"[238, 78, 19]"
4790,"[239, 239]"
4791,"[239, 262, 262, 19, 239]"
4807,"[263, 78]"
4808,"[241, 240, 241]"
4815,"[40, 246, 246, 141, 210, 178, 40, 246]"
4816,"[155, 156, 155]"
4817,"[177, 176, 40]"
4821,"[228, 40, 40, 210, 219, 210]"
4822,"[45, 40, 40, 209]"
4827,"[40, 40, 69, 249, 69, 40]"
4836,"[39, 15, 39, 80]"
4837,"[185, 185]"
4840,"[189, 189, 186, 187, 188, 189, 189]"
4842,"[32, 132]"
4848,"[227, 227]"
4861,"[265, 210]"
4872,"[47, 47]"
4876,"[214, 214, 230]"
4880,"[65, 64, 78]"
4881,"[264, 232]"
4882,"[232, 232]"
4888,"[134, 134, 135, 134]"
4890,"[134, 134, 135, 134]"
4915,"[78, 78]"
4917,"[241, 241]"
4918,"[241, 240, 241]"
4951,"[78, 78]"
4958,"[40, 40, 40]"
4959,"[246, 40, 40, 246, 40]"
4961,"[246, 246, 145, 40, 146, 40, 246]"
4964,"[251, 251]"
4966,"[168, 168, 169, 172]"
4967,"[46, 46]"
4970,"[1, 1]"
4971,"[1, 1]"
4974,"[260, 240, 241]"
4977,"[110, 111, 112, 113, 110]"
4980,"[134, 135, 134, 134]"
4982,"[83, 83, 83, 83, 83]"
4988,"[1, 1]"
4989,"[111, 112, 113, 110, 110]"
4993,"[110, 111, 112, 113, 110]"
4994,"[264, 232]"
4997,"[226, 226]"
5000,"[134, 134, 135, 134]"
5001,"[273, 273]"
5003,"[274, 275, 250]"
5007,"[87, 87, 87, 87]"
5013,"[227, 227]"
5015,"[276, 150, 204, 205, 19, 262, 262, 276, 150, 19]"
5019,"[215, 215, 87]"
5026,"[232, 232]"
5027,"[240, 284]"
5031,"[241, 241]"
5061,"[39, 39, 80]"
5065,"[202, 202, 55]"
5066,"[79, 18, 18, 136, 79, 18]"
5067,"[136, 18]"
5070,"[18, 18, 136, 79, 79, 79]"
5072,"[18, 18, 136, 79, 79, 18]"
5073,"[132, 132]"
5074,"[32, 32]"
5075,"[202, 202, 55]"
5078,"[18, 18, 136, 79, 79, 18]"
5079,"[18, 18, 136, 79, 79, 18]"
5080,"[42, 42, 43, 55]"
5081,"[18, 18, 16, 17, 18]"
5084,"[15, 15]"
5085,"[79, 32, 79, 79]"
5087,"[15, 15]"
5088,"[126, 127, 55, 55]"
5089,"[126, 127, 55, 55]"
5091,"[126, 127, 55, 55]"
5092,"[42, 42, 43, 55, 55]"
5093,"[42, 42, 43, 55]"
5095,"[43, 127, 55, 42, 126, 42, 55]"
5096,"[43, 127, 55, 42, 126, 42, 55]"
5097,"[55, 42, 185, 42, 43, 55]"
5098,"[55, 54, 42, 42, 43, 55]"
5099,"[202, 42, 42, 43, 202, 55, 55]"
5100,"[42, 42, 43, 55, 194]"
5102,"[202, 202, 42, 126, 42, 43, 127, 54]"
5104,"[43, 202, 202, 42, 42, 55]"
5105,"[202, 42, 126, 42, 43, 127, 202, 55]"
5106,"[202, 202, 42, 42, 43, 54]"
5117,"[18, 18, 136, 79, 79, 18]"
5118,"[136, 79, 79, 18]"
5119,"[79, 136, 79, 18]"
5120,"[202, 202, 54]"
5123,"[190, 55, 55]"
5124,"[191, 191, 191, 191]"
5125,"[191, 191, 191, 191]"
5126,"[191, 191, 191, 191]"
5128,"[191, 191, 191, 191]"
5129,"[55, 194, 194]"
5130,"[194, 194]"
5131,"[189, 189, 194, 189, 54]"
5132,"[55, 194, 194]"
5133,"[278, 55, 55]"
5138,"[190, 190]"
5139,"[55, 279]"
5140,"[55, 279, 190, 55]"
5141,"[55, 55]"
5143,"[194, 55, 55]"
5144,"[194, 55, 194]"
5145,"[194, 55, 194]"
5146,"[278, 55, 55]"
5149,"[40, 40, 40]"
5150,"[40, 40, 246]"
5151,"[69, 70, 69, 69]"
5152,"[70, 70]"
5153,"[70, 70]"
5154,"[40, 40, 40]"
5155,"[40, 40, 40]"
5156,"[280, 281, 282, 246]"
5157,"[45, 252, 145, 252, 146, 145]"
5158,"[40, 40, 40]"
5159,"[40, 40, 246]"
5163,"[171, 208, 220, 172, 228]"
5164,"[46, 47]"
5166,"[46, 46]"
5167,"[46, 46]"
5168,"[219, 219]"
5169,"[49, 69, 69, 46]"
5170,"[46, 46]"
5172,"[40, 40, 40]"
5175,"[210, 145, 146, 40, 40, 246]"
5178,"[246, 40, 40, 246, 246]"
5179,"[40, 40, 142, 45, 142, 142]"
5181,"[40, 40, 40]"
5182,"[46, 210, 40, 40, 46]"
5183,"[210, 246]"
5184,"[110, 246, 111, 112, 246, 113, 40, 40, 246]"
5185,"[252, 40, 45, 252, 40, 246]"
5186,"[70, 70]"
5187,"[210, 40, 40, 246]"
5188,"[40, 46, 221, 140, 40, 140, 222, 246]"
5189,"[219, 251]"
5192,"[140, 140, 87]"
5193,"[228, 228]"
5195,"[172, 171, 84, 84, 220]"
5197,"[49, 49]"
5198,"[246, 45, 40, 40, 246, 246]"
5200,"[40, 40, 40]"
5201,"[142, 142, 142]"
5202,"[70, 70]"
5205,"[228, 228]"
5210,"[113, 110, 111, 112, 110]"
5211,"[112, 113, 110, 111, 110]"
5212,"[112, 113, 110, 111, 110]"
5213,"[283, 226]"
5215,"[226, 226]"
5221,"[112, 113, 110, 111, 110]"
5222,"[226, 226]"
5223,"[111, 112, 113, 110, 110]"
5233,"[227, 227]"
5234,"[83, 83, 106, 83]"
5238,"[227, 227]"
5249,"[227, 227]"
5250,"[83, 83, 106, 83]"
5251,"[227, 227]"
5254,"[227, 227]"
5255,"[1, 1]"
5256,"[1, 1]"
5258,"[110, 111, 112, 113, 110]"
5260,"[227, 227]"
5268,"[264, 241, 241]"
5271,"[264, 232]"
5272,"[243, 241]"
5273,"[139, 139, 87]"
5275,"[134, 134, 135, 134]"
5276,"[134, 134, 135, 134]"
5277,"[134, 135, 134, 134]"
5278,"[134, 134, 135, 134]"
5279,"[134, 134, 135, 134]"
5280,"[140, 140, 140]"
5286,"[134, 134, 135, 134]"
5291,"[139, 139, 139]"
5292,"[87, 87, 87, 87]"
5295,"[147, 231, 148, 147, 230, 232, 230]"
5296,"[205, 19, 204, 19]"
5301,"[213, 147]"
5304,"[134, 134, 135, 134]"
5311,"[87, 87, 87, 87]"
5313,"[231, 147, 78, 148, 147, 230]"
5314,"[134, 134, 135, 134]"
5319,"[139, 139, 139]"
5356,"[285, 286, 287, 239]"
5386,"[190, 55, 55]"
5387,"[279, 55, 190]"
5388,"[279, 279]"
5389,"[279, 279]"
5390,"[55, 190, 55]"
5391,"[55, 190, 55]"
5401,"[256, 255, 80]"
5403,"[54, 54]"
5407,"[136, 79, 79, 79]"
5408,"[136, 18, 18, 79]"
5409,"[136, 79, 79, 18]"
5410,"[79, 79, 79]"
5411,"[136, 18]"
5412,"[16, 18]"
5413,"[79, 79, 136, 79]"
5414,"[123, 124, 54]"
5415,"[123, 124, 54]"
5416,"[42, 42, 43, 55, 55]"
5417,"[55, 55]"
5419,"[202, 202, 42, 126, 42, 43, 127, 54]"
5420,"[42, 42, 43, 54]"
5421,"[55, 42, 126, 42, 43, 127, 55]"
5423,"[42, 42, 43, 55, 55]"
5424,"[42, 42, 43, 54]"
5427,"[55, 42, 126, 42, 43, 127, 55]"
5428,"[42, 126, 42, 43, 127, 55, 55]"
5429,"[127, 55, 42, 126, 42, 43, 55]"
5430,"[55, 42, 126, 42, 43, 127, 55]"
5431,"[55, 42, 126, 42, 43, 127, 55]"
5432,"[55, 42, 126, 42, 43, 127, 55]"
5433,"[43, 127, 55, 42, 126, 42, 55]"
5434,"[127, 55, 42, 126, 42, 43, 55]"
5440,"[55, 123, 124, 55]"
5441,"[55, 123, 124, 55]"
5448,"[79, 79, 136, 18]"
5451,"[55, 42, 126, 42, 43, 127, 55]"
5452,"[42, 43, 127, 55, 42, 126, 55]"
5453,"[55, 42, 126, 42, 43, 127, 55]"
5455,"[42, 126, 42, 43, 127, 55, 55]"
5456,"[55, 42, 126, 42, 43, 127, 55]"
5467,"[279, 279]"
5468,"[190, 55, 55]"
5473,"[202, 202, 194]"
5474,"[194, 194]"
5475,"[279, 55, 194]"
5476,"[194, 55, 194]"
5477,"[194, 55, 194]"
5486,"[190, 55, 55]"
5487,"[190, 55, 55]"
5488,"[190, 55, 55]"
5489,"[279, 55, 55]"
5490,"[55, 279, 190, 279]"
5491,"[279, 55, 55]"
5494,"[191, 191, 191, 191]"
5495,"[194, 55, 194]"
5496,"[191, 191, 191, 194]"
5498,"[194, 55, 194]"
5501,"[194, 55, 194]"
5503,"[194, 55, 194]"
5507,"[194, 55, 194]"
5512,"[278, 55]"
5517,"[202, 202, 55]"
5521,"[279, 55, 55]"
5523,"[194, 55, 194]"
5525,"[190, 54]"
5528,"[279, 55, 55]"
5530,"[55, 194, 194]"
5532,"[194, 55, 194]"
5593,"[18, 18, 136, 79, 79, 18]"
5594,"[201, 32]"
5595,"[136, 18, 18, 18]"
5597,"[202, 202, 54]"
5599,"[202, 202, 55, 55]"
5600,"[124, 55, 123, 55]"
5601,"[42, 42, 43, 18, 136, 18, 55]"
5602,"[185, 55, 55]"
5603,"[43, 55, 42, 42, 55]"
5638,"[221, 222, 248, 247, 221]"
5645,"[18, 18, 136, 79, 79, 18]"
5646,"[127, 79, 132, 79, 54, 126, 15, 17, 136, 42]"
5648,"[190, 126, 42, 43, 42, 15, 17, 136, 185, 132, 127, 190]"
5656,"[110, 111, 112, 113, 110]"
5657,"[227, 227]"
5660,"[18, 18, 136, 79, 79, 79]"
5662,"[17, 79, 42, 79, 43, 278, 42, 126, 127, 15, 136, 132, 55]"
5663,"[126, 15, 17, 136, 185, 43, 127, 190, 132, 42, 42, 55]"
5664,"[136, 127, 126, 42, 15, 17, 185, 132, 42, 43, 190, 55]"
5672,"[227, 83, 83, 83, 83, 227]"
5677,"[79, 79, 18, 18, 79]"
5678,"[55, 198, 55]"
5679,"[55, 194, 194]"
5680,"[195, 54, 55]"
5681,"[185, 55, 79, 79, 55]"
5693,"[136, 79, 79, 18, 18, 79]"
5695,"[43, 127, 54, 42, 126, 17, 132, 79, 15, 136, 79, 185, 42, 55]"
5696,"[42, 42, 54, 15, 17, 136, 185, 132, 43, 194, 126, 127, 55]"
5697,"[42, 17, 42, 127, 132, 43, 194, 126, 15, 136, 185, 194]"
5703,"[171, 219, 46, 220, 172, 219]"
5705,"[134, 134, 135, 134]"
5706,"[231, 214, 291, 230, 214, 291, 230]"
5709,"[18, 18, 136, 79, 140, 140, 79, 18]"
5710,"[54, 42, 15, 136, 185, 132, 42, 43, 55]"
5711,"[43, 190, 42, 126, 15, 185, 132, 42, 17, 136, 127, 55]"
5712,"[194, 126, 15, 79, 127, 42, 17, 136, 79, 185, 132, 42, 43, 194]"
5713,"[42, 126, 17, 136, 79, 79, 43, 127, 54, 42, 15, 132, 55]"
5722,"[230, 232, 147, 231, 148, 147, 230]"
5726,"[126, 132, 43, 15, 136, 185, 54, 17, 79, 42, 42, 16, 79, 127, 55]"
5727,"[136, 132, 42, 79, 54, 126, 15, 16, 17, 79, 43, 127, 42, 55]"
5728,"[132, 42, 127, 42, 17, 136, 79, 185, 54, 126, 15, 79, 43, 55]"
5729,"[126, 17, 136, 79, 79, 127, 194, 15, 132, 42, 43, 42, 194]"
5741,"[105, 105, 105, 105]"
5748,"[47, 219, 46, 46]"
5757,"[79, 18, 18, 136, 79, 79]"
5758,"[43, 127, 123, 124, 42, 136, 185, 42, 126, 15, 16, 17, 55]"
5759,"[185, 127, 42, 123, 15, 17, 124, 190, 16, 136, 43, 42, 126, 79, 79, 185]"
5761,"[194, 126, 136, 185, 132, 42, 43, 127, 42, 15, 16, 17, 194]"
5762,"[132, 42, 79, 202, 202, 42, 79, 185, 43, 203, 15, 136, 54]"
5771,"[40, 40, 109, 246, 246, 246]"
5772,"[173, 174, 175, 118, 172, 171, 221]"
5778,"[18, 136, 79, 79, 18, 79]"
5779,"[127, 42, 126, 185, 132, 42, 43, 194, 15, 17, 136, 194]"
5780,"[202, 42, 126, 15, 17, 132, 42, 43, 127, 185, 202, 55]"
5781,"[42, 15, 132, 43, 202, 17, 79, 55, 202, 79, 127, 126, 136, 42, 55]"
5782,"[42, 17, 132, 43, 127, 190, 126, 15, 136, 42, 55]"
5787,"[134, 40, 135, 246, 246, 134, 40, 246]"
5791,"[87, 87, 87, 87]"
5794,"[18, 18, 136, 79, 79, 79]"
5795,"[126, 127, 190, 15, 16, 17, 136, 185, 132, 42, 42, 43, 55]"
5797,"[54, 42, 79, 42, 15, 136, 79, 132, 43, 256]"
5798,"[279, 42, 127, 126, 15, 17, 136, 185, 54, 190, 42, 132, 43, 279]"
5803,"[252, 40, 167, 246, 246, 166, 252, 40, 246]"
5804,"[219, 219]"
5811,"[194, 279, 190, 71, 71, 191]"
5813,"[42, 43, 127, 55, 42, 126, 15, 55]"
5814,"[279, 55, 55]"
5815,"[227, 227, 227, 227, 227]"
5825,"[42, 15, 16, 79, 132, 43, 54, 17, 136, 42, 79, 127, 126, 42]"
5826,"[70, 180, 70]"
5828,"[221, 222, 172, 171, 220, 118, 221]"
5829,"[134, 134, 135, 134]"
5830,"[17, 136, 79, 43, 42, 126, 79, 185, 132, 42, 127, 54, 15, 54]"
5831,"[227, 227]"
5832,"[16, 132, 42, 54, 126, 43, 15, 79, 136, 79, 185, 127, 42, 17, 194]"
5836,"[136, 79, 79, 18, 18, 18]"
5842,"[54, 42, 126, 15, 17, 136, 185, 132, 127, 42, 43, 16, 55]"
5843,"[136, 185, 132, 79, 43, 17, 42, 15, 79, 42, 54, 55]"
5851,"[248, 246, 295, 296, 246, 296, 40, 297, 247, 40, 246]"
5858,"[227, 227, 259, 227, 227, 227]"
5863,"[17, 136, 43, 79, 126, 15, 79, 185, 132, 42, 127, 123, 124, 42, 55]"
5864,"[79, 79, 18, 18, 136, 79]"
5865,"[79, 185, 43, 194, 15, 17, 79, 16, 136, 127, 42, 126, 132, 42, 194]"
5867,"[136, 79, 79, 42, 194, 42, 126, 15, 17, 185, 132, 43, 127, 194]"
5868,"[18, 18, 16, 17, 136, 18]"
5869,"[279, 126, 16, 185, 132, 43, 42, 15, 17, 136, 42, 127, 55]"
5872,"[88, 220, 219, 178, 88]"
5877,"[126, 15, 132, 127, 123, 42, 79, 42, 79, 43, 124, 55]"
5878,"[136, 132, 42, 79, 127, 194, 126, 15, 43, 42, 17, 79, 194]"
5879,"[54, 17, 136, 132, 42, 42, 79, 126, 16, 43, 15, 79, 185, 127, 55]"
5887,"[79, 15, 79, 126, 136, 185, 132, 43, 127, 194, 16, 17, 42, 42, 185]"
5898,"[180, 84, 46, 45, 84, 142]"
5899,"[110, 111, 112, 113, 110]"
5915,"[42, 15, 42, 43, 190, 55]"
5926,"[18, 136, 79, 79, 18, 79]"
5927,"[15, 132, 15]"
5929,"[218, 39, 39, 80]"
5930,"[18, 18, 136, 79, 79, 79]"
5933,"[18, 18, 136, 79, 79, 18]"
5935,"[79, 43, 42, 15, 132, 42, 54, 17, 136, 79, 79]"
5936,"[17, 136, 185, 279, 42, 126, 42, 43, 127, 15, 16, 132, 55]"
5937,"[54, 42, 126, 17, 136, 132, 15, 79, 42, 79, 43, 127, 55]"
5939,"[136, 132, 79, 127, 15, 17, 126, 79, 42, 43, 54, 42, 55]"
5941,"[79, 54, 17, 132, 136, 79, 42, 43, 127, 42, 126, 15, 55]"
5943,"[42, 194, 42, 126, 15, 136, 54, 17, 185, 132, 43, 127, 194]"
5949,"[42, 126, 15, 79, 185, 127, 279, 17, 136, 132, 42, 79, 43, 55]"
5956,"[42, 17, 79, 127, 126, 136, 132, 15, 16, 79, 43, 55, 185, 42, 55]"
5957,"[194, 42, 136, 132, 43, 127, 126, 17, 79, 55, 15, 185, 42, 79, 42]"
5962,"[87, 87, 87, 87]"
5970,"[232, 264, 232]"
5981,"[134, 134, 135, 134]"
5983,"[214, 214, 230]"
5986,"[246, 40, 40, 246, 246]"
5987,"[172, 171, 172]"
5992,"[110, 111, 112, 113, 110]"
6003,"[43, 54, 42, 15, 79, 132, 42, 79, 55]"
6004,"[79, 79, 18, 18, 136, 18]"
6009,"[252, 246, 252, 246, 40, 40, 252]"
6010,"[229, 46, 47, 210, 210]"
6012,"[83, 83, 83, 83, 83]"
6014,"[134, 134, 135, 134]"
6023,"[265, 210]"
6024,"[40, 40, 40]"
6026,"[300, 301, 110]"
6027,"[246, 246, 246]"
6036,"[110, 111, 112, 113, 110]"
6070,"[40, 40, 40]"
6079,"[231, 231]"
6134,"[112, 113, 110, 111, 110]"
6141,"[46, 47]"
6142,"[49, 250]"
6168,"[45, 45]"
6169,"[210, 210]"
6171,"[246, 246, 157, 157, 246]"
6178,"[246, 40, 40, 246, 40]"
6179,"[264, 232]"
6180,"[307, 252]"
6205,"[40, 40, 246]"
6207,"[78, 78]"
6212,"[231, 231]"
6216,"[158, 158, 158]"
6217,"[49, 69, 69, 46]"
6218,"[110, 111, 112, 113, 110]"
6224,"[109, 109]"
6244,"[246, 246, 45, 165]"
6245,"[40, 40, 40]"
6259,"[110, 111, 112, 113, 110]"
6261,"[157, 157, 40, 40, 69]"
6265,"[265, 228, 210, 210]"
6269,"[219, 46, 47, 46]"
6303,"[46, 47]"
6305,"[46, 46]"
6310,"[172, 171, 251, 172]"
6316,"[70, 70]"
6318,"[157, 157, 142]"
6375,"[221, 222, 220, 118, 221]"
6377,"[251, 64]"
6379,"[220, 118, 172, 171, 172]"
6381,"[246, 246, 145, 146, 246]"
6383,"[214, 214, 230]"
6389,"[69, 70, 69, 69]"
6391,"[173, 174, 175, 172]"
6402,"[219, 219]"
6410,"[70, 70]"
6456,"[252, 45, 246, 246, 252, 45]"
6457,"[40, 40, 40]"
6459,"[88, 88]"
6460,"[270, 221, 222, 269, 220, 220]"
6461,"[70, 70]"
6465,"[259, 227]"
6466,"[265, 210]"
6467,"[281, 282, 176, 177, 69]"
6468,"[142, 142, 142]"
6472,"[110, 111, 112, 113, 110]"
6475,"[264, 232]"
6479,"[189, 189, 189, 186, 187, 188, 189]"
6503,"[246, 246, 40]"
6505,"[135, 134, 134, 134]"
6512,"[80, 80, 81, 80]"
6515,"[240, 241]"
6516,"[55, 42, 42, 43, 55]"
6519,"[83, 83, 83, 83, 83]"
6522,"[227, 83]"
6523,"[132, 132]"
6524,"[232, 232]"
6535,"[69, 69, 70, 69]"
6536,"[118, 157, 157, 46]"
6580,"[227, 227]"
6591,"[47, 46, 47]"
6599,"[243, 19]"
6614,"[134, 134, 135, 134]"
6717,"[246, 40, 40, 246, 246]"
6719,"[209, 209]"
6724,"[79, 79, 136, 18]"
6726,"[54, 126, 127, 55]"
6729,"[54, 80]"
6730,"[256, 255, 256]"
6732,"[132, 132]"
6733,"[79, 18, 18, 136, 79, 18]"
6737,"[18, 18, 136, 18]"
6738,"[32, 136, 79, 79, 185]"
6739,"[126, 127, 42]"
6749,"[87, 87, 215, 215, 87, 87]"
6755,"[246, 246, 45, 40, 40, 246]"
6763,"[227, 227]"
6854,"[246, 265, 145, 146, 246, 246]"
6855,"[168, 168, 169, 172]"
6863,"[202, 202, 55, 55]"
6867,"[134, 134, 135, 134]"
6878,"[40, 40, 265, 246]"
6881,"[227, 227]"
6883,"[134, 135, 134, 134]"
6890,"[40, 246, 246, 40, 246]"
6891,"[46, 46]"
6895,"[231, 78, 230, 230]"
6904,"[110, 111, 112, 113, 110]"
6905,"[227, 227]"
6906,"[18, 79, 79, 18, 18]"
6915,"[118, 219, 46, 46]"
6923,"[134, 134, 135, 134]"
6929,"[40, 40, 45, 246, 246, 246]"
6930,"[221, 222, 219, 221]"
6941,"[246, 246, 40, 40, 246]"
6943,"[110, 111, 112, 113, 110]"
6953,"[32, 123, 124, 185]"
6955,"[139, 139, 87]"
6961,"[40, 40, 40]"
6962,"[84, 228, 87, 40, 84, 87, 40, 87, 246]"
6973,"[40, 252, 252, 40, 40]"
6974,"[251, 46, 178, 220, 219]"
6975,"[112, 113, 110, 111, 110]"
6979,"[139, 139, 233, 139]"
6985,"[70, 70]"
7018,"[126, 127, 18, 18, 42]"
7020,"[87, 87, 87, 87]"
7228,"[227, 227]"
7237,"[40, 40, 246, 246, 40]"
7239,"[165, 153, 153, 165]"
7241,"[165, 165]"
7244,"[249, 221]"
7246,"[46, 46]"
7247,"[173, 174, 175, 228]"
7249,"[46, 46]"
7250,"[70, 69, 69, 155]"
7252,"[110, 111, 112, 113, 110]"
7253,"[226, 226]"
7266,"[18, 79, 79, 18, 18]"
7282,"[227, 227]"
7286,"[83, 227, 227, 227, 83, 83, 83, 83]"
7288,"[231, 291, 230, 291, 230]"
7290,"[261, 152, 211, 151, 152, 19]"
7293,"[241, 241]"
7294,"[241, 243, 260, 241]"
7298,"[134, 134, 135, 134]"
7299,"[134, 134, 135, 134]"
7305,"[139, 139, 139]"
7306,"[87, 87, 87, 87]"
7307,"[87, 87, 87, 87]"
7325,"[239, 239]"
7339,"[241, 284, 241]"
7344,"[40, 40, 246, 246, 40]"
7345,"[252, 145, 146, 252, 45, 145]"
7346,"[172, 171, 221, 222, 221]"
7347,"[249, 45, 209]"
7348,"[40, 246, 40, 246, 45, 246]"
7350,"[84, 84, 69]"
7351,"[40, 40, 40]"
7352,"[40, 40, 246]"
7354,"[45, 246, 246, 45]"
7358,"[69, 142, 69, 142, 45, 142]"
7359,"[249, 49, 209]"
7360,"[173, 174, 175, 118, 221]"
7363,"[40, 84, 40, 69, 69, 84, 40]"
7364,"[69, 69, 142, 142, 142]"
7365,"[69, 84, 84, 69, 142]"
7367,"[110, 111, 112, 113, 110]"
7373,"[112, 113, 110, 111, 110]"
7377,"[112, 113, 110, 111, 110]"
7378,"[110, 111, 112, 113, 110]"
7385,"[256, 255, 80]"
7386,"[18, 18, 136, 18]"
7387,"[132, 126, 15, 127, 42]"
7388,"[43, 42, 42, 55]"
7403,"[227, 227]"
7404,"[227, 227]"
7405,"[83, 83, 106, 227, 227]"
7408,"[227, 227]"
7409,"[227, 227]"
7410,"[227, 227]"
7417,"[83, 83, 227, 83, 83, 83]"
7421,"[241, 241]"
7422,"[243, 241]"
7424,"[230, 231, 230]"
7437,"[230, 96, 231, 230]"
7444,"[134, 134, 135, 134]"
7445,"[140, 140, 140]"
7460,"[139, 139, 152, 151, 152, 139]"
7463,"[135, 134, 134, 134]"
7464,"[134, 134, 135, 134]"
7480,"[87, 87, 87, 87]"
7550,"[240, 240]"
7578,"[40, 40, 40]"
7582,"[70, 69]"
7583,"[40, 40, 40]"
7584,"[209, 209]"
7585,"[40, 40, 40]"
7586,"[40, 40, 246]"
7587,"[49, 109, 109]"
7588,"[40, 40, 40]"
7590,"[281, 282, 69]"
7591,"[250, 250]"
7593,"[40, 40, 180, 246]"
7594,"[40, 40, 40]"
7595,"[155, 156, 155]"
7598,"[47, 47]"
7599,"[246, 246, 40, 40, 246]"
7600,"[142, 142, 142]"
7601,"[40, 40, 40]"
7603,"[265, 228, 210]"
7606,"[70, 70]"
7608,"[142, 142, 69, 69, 142]"
7613,"[280, 158]"
7617,"[113, 110, 111, 112, 110]"
7624,"[110, 111, 112, 113, 110]"
7626,"[252, 252, 110, 111, 112, 113, 252]"
7636,"[154, 298]"
7641,"[298, 298, 298]"
7643,"[320, 186, 187, 188, 189]"
7645,"[134, 134, 135, 134]"
7647,"[154, 298]"
7669,"[39, 39, 39]"
7671,"[132, 132]"
7672,"[42, 42, 43, 42]"
7676,"[15, 80]"
7678,"[218, 80]"
7679,"[132, 132]"
7680,"[185, 185]"
7681,"[79, 79, 132, 79]"
7686,"[39, 39, 256, 255, 80]"
7688,"[42, 42, 43, 55]"
7689,"[218, 218]"
7690,"[79, 79, 55, 17, 55]"
7691,"[79, 79, 79]"
7692,"[32, 132, 32]"
7693,"[18, 136, 18, 18]"
7695,"[15, 132, 15]"
7698,"[126, 127, 55]"
7699,"[79, 18, 18, 79, 18]"
7748,"[268, 227]"
7752,"[227, 227]"
7765,"[208, 208]"
7769,"[246, 246, 40, 40, 45]"
7771,"[265, 172]"
7773,"[265, 172]"
7776,"[208, 210]"
7778,"[210, 210]"
7780,"[64, 65, 64]"
7783,"[46, 47]"
7785,"[265, 69]"
7806,"[46, 47]"
7817,"[214, 214, 214]"
7820,"[232, 232]"
7822,"[214, 214, 230]"
7824,"[231, 231]"
7825,"[215, 215, 215]"
7826,"[78, 78]"
7827,"[241, 241]"
7828,"[147, 148, 147, 147]"
7833,"[231, 231]"
7835,"[78, 78]"
7837,"[232, 232]"
7840,"[204, 205, 19, 19]"
7846,"[147, 148, 147, 147]"
7847,"[205, 19, 204, 19]"
7848,"[147, 148, 147, 215, 215, 147]"
7860,"[264, 232]"
7865,"[134, 135, 134, 134]"
7868,"[87, 87, 87, 87]"
7871,"[134, 134, 135, 134]"
7878,"[87, 87, 87, 87]"
7880,"[134, 134, 135, 134]"
7882,"[134, 134, 135, 140, 140, 134]"
7883,"[87, 87, 87, 87]"
7884,"[134, 134, 135, 140]"
7888,"[96, 96]"
7900,"[134, 134, 135, 134]"
7901,"[134, 135, 140, 140, 134, 54]"
7903,"[87, 87, 87, 87]"
7943,"[233, 139, 139, 233]"
7950,"[238, 19]"
7960,"[239, 239]"
7969,"[204, 205, 19, 19]"
7980,"[261, 78]"
8009,"[78, 78]"
8010,"[241, 241]"
8011,"[241, 241]"
8012,"[241, 241]"
8024,"[278, 185, 55, 55]"
8031,"[218, 80]"
8032,"[217, 217, 217, 193]"
8033,"[32, 32]"
8034,"[79, 79, 136, 79]"
8038,"[185, 55, 55]"
8039,"[198, 55, 54]"
8043,"[42, 42, 43, 55]"
8049,"[193, 193, 189]"
8052,"[194, 55, 194]"
8053,"[184, 191, 191, 191, 184, 184]"
8056,"[190, 190, 190]"
8057,"[191, 191, 191, 191]"
8058,"[194, 55, 54]"
8060,"[279, 55, 279]"
8063,"[55, 55]"
8065,"[279, 55, 55]"
8067,"[191, 191, 191, 191]"
8069,"[202, 202, 55, 256]"
10713,"[227, 227]"
10716,"[134, 134, 135, 134]"
10719,"[139, 139, 87]"
10720,"[191, 191, 191, 186, 187, 188, 191]"
10727,"[69, 40, 180, 69, 40, 69]"
10730,"[227, 227]"
10733,"[134, 134, 135, 134]"
10737,"[279, 55, 55]"
10745,"[49, 69, 69, 46]"
10749,"[134, 134, 135, 134]"
10755,"[198, 54]"
10756,"[194, 55, 194]"
10761,"[70, 69]"
10767,"[241, 241]"
10771,"[55, 194, 194]"
10772,"[279, 279]"
10779,"[172, 171, 172]"
10784,"[135, 134, 134, 134]"
10796,"[40, 40, 40]"
10797,"[219, 219]"
10805,"[234, 87]"
10806,"[278, 55, 55]"
10807,"[194, 194]"
10829,"[45, 246, 246, 246]"
10832,"[227, 227]"
10833,"[134, 134, 135, 134]"
10840,"[194, 54]"
10859,"[246, 246, 246]"
12997,"[252, 246, 246, 252, 45]"
13005,"[40, 40, 246]"
13006,"[54, 256, 255, 54]"
13013,"[55, 279, 55]"
13015,"[194, 55, 55]"
13024,"[194, 55, 194]"
13043,"[18, 18, 18]"
13047,"[55, 54, 55]"
13048,"[198, 54]"
13049,"[55, 54, 55]"
13052,"[194, 194]"
13308,"[190, 55, 55]"
13813,"[190, 55, 55]"
13853,"[40, 40, 246, 246, 246]"
13883,"[219, 46, 178, 118, 46]"
13888,"[18, 18, 18]"
13957,"[194, 55, 55]"
14000,"[18, 18, 79, 79, 18]"
15239,"[265, 246, 246, 246]"
15262,"[79, 18, 18, 79, 79]"
15263,"[193, 193, 54]"
15264,"[55, 258, 198, 55]"
15266,"[194, 54, 194]"
15273,"[269, 270, 46, 46]"
15276,"[83, 227, 83, 83, 83, 83]"
15282,"[87, 87, 87, 87]"
15286,"[55, 42, 42, 43, 55]"
15289,"[55, 54, 55]"
15326,"[18, 79, 79, 18, 79]"
15332,"[54, 54]"
15351,"[222, 269, 270, 220, 118, 221, 221]"
15366,"[252, 252, 45]"
15367,"[46, 219, 173]"
15371,"[134, 135, 134, 134]"
15400,"[42, 42, 43, 55, 55]"
15403,"[190, 55, 190]"
15404,"[279, 55, 55]"
15428,"[190, 55, 55]"
15462,"[55, 54, 55]"
15479,"[110, 111, 112, 113, 110]"
15544,"[279, 55, 279]"
15874,"[54, 185, 54]"
15886,"[190, 55, 55]"
15889,"[194, 55, 194]"
16668,"[49, 49]"
16678,"[210, 210]"
16684,"[282, 176, 177, 281, 69]"
16711,"[55, 54, 55]"
16713,"[55, 54, 55]"
16714,"[194, 55, 194]"
17109,"[246, 246, 40, 40, 165]"
17112,"[87, 87, 87, 140, 140, 140]"
17115,"[18, 18, 126, 127, 18]"
17117,"[190, 190]"
17118,"[54, 55, 54]"
17120,"[194, 55, 194]"
17124,"[40, 40, 40]"
17128,"[234, 87]"
17131,"[18, 79, 79, 18, 18]"
17132,"[55, 55]"
17133,"[55, 55]"
17134,"[54, 55, 54]"
17135,"[55, 54, 194]"
17348,"[40, 40, 69, 69, 40]"
17349,"[112, 113, 110, 111, 110]"
17354,"[18, 18, 79, 79, 18]"
17356,"[54, 55, 55]"
17396,"[40]"
17410,"[142]"
18120,"[145, 146, 145]"
18123,"[49, 250]"
18125,"[88, 88]"
18143,"[271, 271]"
18171,"[132, 132]"
18834,"[291, 69, 246, 40, 40, 291, 69, 246, 246]"
18845,"[194, 54, 194]"
18873,"[71, 71, 71]"
19144,"[168]"
19151,"[168]"
19153,"[338]"
19169,"[221]"
19170,"[219]"
19177,"[168]"
19182,"[252]"
19286,"[134, 134, 135, 134]"
19287,"[49, 210]"
19303,"[194, 55, 194]"
19325,"[78, 78]"
19326,"[246, 246, 246]"
19341,"[70, 70]"
19354,"[49, 49]"
19471,"[277]"
19478,"[219]"
19483,"[306]"
19487,"[504]"
19495,"[158]"
19512,"[49]"
19514,"[88]"
19517,"[47]"
19518,"[46]"
19519,"[208]"
19521,"[173]"
19524,"[168]"
19526,"[88]"
19528,"[352]"
19590,"[168]"
19633,"[338]"
19649,"[219]"
19667,"[168]"
19704,"[158]"
19750,"[88, 88]"
19767,"[266, 267, 266, 266]"
19795,"[269, 270, 219, 46, 219]"
19813,"[42, 43, 55, 194, 42, 194]"
19939,"[55, 194, 194]"
19965,"[40, 40, 40]"
20001,"[228, 251, 46, 118, 228]"
20051,"[134, 134, 135, 134]"
20081,"[140, 140, 145, 40, 146, 40, 140]"
20082,"[46, 46]"
20099,"[18, 18, 79, 79, 18]"
20102,"[16, 18, 18, 79]"
20110,"[55, 42, 42, 43, 55]"
20114,"[55, 42, 42, 43, 55]"
20127,"[43, 55, 42, 42, 55]"
20129,"[54, 194, 54]"
20204,"[194, 55, 194]"
20227,"[280, 158]"
20230,"[32, 361, 361, 361, 362, 363, 32]"
20287,"[55, 55]"
20346,"[343, 110]"
20410,"[227, 227]"
20443,"[15, 15]"
20585,"[1, 1]"
20680,"[46, 46]"
20706,"[78, 78]"
20783,"[132, 132]"
20795,"[136, 18, 18, 18]"
20800,"[126, 127, 54]"
20809,"[32, 32]"
20812,"[110, 111, 112, 113, 110]"
20817,"[16, 17, 18, 18, 18]"
20820,"[15, 42]"
20821,"[15, 15]"
20893,"[110, 111, 112, 113, 110]"
20911,"[145, 146, 145]"
20913,"[252, 252, 252]"
20914,"[112, 113, 110, 111, 110]"
20915,"[226, 226]"
20918,"[110, 111, 112, 113, 110]"
20925,"[158, 158, 158]"
20927,"[339, 338, 338, 338]"
20934,"[78, 221]"
20952,"[40, 40, 246]"
20955,"[40, 40, 40]"
20957,"[40, 40, 40]"
20960,"[40, 40, 40]"
20962,"[40, 40, 40]"
20964,"[40]"
20971,"[70]"
20973,"[246, 246, 246]"
20976,"[146, 145, 145]"
20980,"[320, 71]"
20981,"[137, 137, 110, 111, 112, 113, 110]"
20986,"[40, 40, 40]"
20989,"[40, 40, 40]"
20995,"[70]"
20998,"[40, 40, 40]"
21004,"[246, 246, 246]"
21007,"[69, 69, 70, 69]"
21014,"[145, 146, 145]"
21016,"[40, 40, 246]"
21017,"[40, 40, 40]"
21019,"[40, 40, 40]"
21024,"[227, 227]"
21032,"[227, 227]"
21060,"[172, 171, 228]"
21062,"[46, 47]"
21072,"[46, 172, 171, 46]"
21080,"[69]"
21111,"[40, 40, 246]"
21113,"[40, 40, 40]"
21116,"[142]"
21118,"[40, 40, 40]"
21119,"[40, 40, 209]"
21120,"[40, 40, 246]"
21124,"[40, 40, 40]"
21125,"[69, 69, 142]"
21129,"[69, 69, 40, 40, 246]"
21135,"[252, 252, 252]"
21198,"[232, 232]"
21204,"[232, 232]"
21205,"[232, 241, 232]"
21235,"[264, 232]"
21239,"[80, 81, 80, 80]"
21270,"[140, 140, 140]"
21273,"[134, 134, 135, 134]"
21274,"[69, 69, 142]"
21320,"[134, 134, 135, 134]"
21326,"[145, 146, 145]"
21343,"[78, 78]"
21382,"[227, 227]"
21491,"[139, 139, 139]"
21494,"[87, 87, 87, 87]"
21551,"[364, 364, 364]"
21554,"[265, 210]"
21556,"[370, 208]"
21557,"[320, 154]"
21562,"[136, 136]"
21563,"[126, 127, 55]"
21568,"[55, 55]"
21574,"[70, 70]"
21583,"[110, 111, 112, 113, 110]"
21622,"[335]"
21631,"[168]"
21635,"[186]"
21644,"[159]"
21658,"[221]"
21765,"[71, 254, 71]"
22048,"[55, 55]"
22066,"[127, 54, 42, 126, 42, 43, 54]"
22077,"[198, 258, 55]"
22129,"[198, 55, 55]"
22131,"[198, 54, 55]"
22150,"[279, 55, 55]"
22199,"[194, 194]"
22201,"[194, 194]"
22202,"[194, 55, 194]"
22205,"[194, 55, 194]"
22207,"[194]"
22246,"[40, 40, 40]"
22247,"[40, 40, 246]"
22248,"[172, 171, 172]"
22254,"[134, 134, 135, 134]"
22255,"[140, 140, 134, 134, 135, 140]"
22259,"[139, 139, 139]"
22260,"[87, 87, 87, 87]"
22261,"[87, 87, 87, 87]"
22268,"[134, 134, 135, 237]"
22288,"[39]"
22291,"[80]"
22292,"[80, 81, 80, 80]"
22293,"[80, 81, 80, 80]"
22295,"[32, 32]"
22296,"[32, 32]"
22297,"[132, 132]"
22298,"[55, 55]"
22299,"[55, 55]"
22300,"[80, 79, 79, 80, 81, 54]"
22301,"[79, 79, 18, 18, 79]"
22302,"[79, 79, 18, 18, 79]"
22303,"[79, 18, 18, 79, 18]"
22304,"[79, 79, 79]"
22305,"[79, 79, 79]"
22306,"[18, 18, 18]"
22307,"[18, 18, 79, 79, 79]"
22308,"[18, 18, 16, 18]"
22309,"[18, 79, 79, 18, 18]"
22316,"[79]"
22317,"[55, 55]"
22319,"[55, 55]"
22320,"[55, 55]"
22321,"[55, 55]"
22322,"[55, 55]"
22323,"[55, 55]"
22331,"[192, 192, 193]"
22334,"[193]"
22337,"[54, 55, 54]"
22340,"[55, 55]"
22344,"[55, 55]"
22348,"[55, 190, 55]"
22349,"[55, 190, 55]"
22351,"[55, 279, 279]"
22352,"[55, 279, 55]"
22354,"[194, 55, 194]"
22355,"[54, 55, 194]"
22358,"[134, 134, 135, 55, 55]"
22369,"[55]"
22375,"[55, 55]"
22384,"[64, 65, 251]"
22389,"[46, 47]"
22392,"[209, 209]"
22393,"[118, 69, 69, 221]"
22409,"[1, 226, 226]"
22414,"[227, 227]"
22423,"[278, 55]"
22426,"[55, 278, 55]"
22428,"[278, 55, 55]"
22430,"[64, 65, 251]"
22433,"[232, 232]"
22434,"[232, 232]"
22435,"[87, 87, 152, 151, 152, 87, 139]"
22436,"[55, 55]"
22438,"[147, 148, 147, 147]"
22440,"[239, 239]"
22441,"[55, 55]"
22443,"[147, 148, 147, 147]"
22451,"[232, 232]"
22455,"[134, 134, 135, 134]"
22458,"[78, 19]"
22459,"[134, 134, 135, 134]"
22461,"[78, 239]"
22467,"[134, 134, 135, 134]"
22468,"[140, 140, 140]"
22469,"[134, 134, 135, 134]"
22470,"[134, 134, 135, 134]"
22471,"[78, 233]"
22472,"[135, 134, 134, 134]"
22474,"[134, 134, 135, 134]"
22483,"[134, 134, 135, 134]"
22484,"[135, 134, 134, 134]"
22485,"[134, 134, 135, 134]"
22486,"[134, 135, 134, 134]"
22492,"[87, 87, 87, 105]"
22495,"[87, 87, 87, 87]"
22502,"[87, 87, 87, 215, 215, 87]"
22503,"[215, 215, 87]"
22504,"[87, 87, 87, 87]"
22505,"[139, 139, 139]"
22547,"[80, 81, 80, 80]"
22554,"[15, 201, 79]"
22556,"[54, 55, 55]"
22566,"[136, 18]"
22572,"[79, 79, 79]"
22578,"[284, 284]"
22580,"[79, 79, 18]"
22583,"[284, 284]"
22586,"[244, 284]"
22587,"[18, 18, 136, 18]"
22593,"[55, 55]"
22603,"[55, 55]"
22607,"[55, 79, 79, 55]"
22617,"[55, 79, 79, 55]"
22619,"[55, 55]"
22621,"[79, 79, 55, 55]"
22623,"[42, 42, 43, 55, 55]"
22624,"[55, 42, 42, 43, 55]"
22625,"[55, 55]"
22626,"[55, 79, 79, 55]"
22628,"[55, 55]"
22629,"[55, 79, 79, 55]"
22630,"[55, 79, 79, 55]"
22631,"[55, 134, 134, 135, 55]"
22632,"[55, 55]"
22633,"[55, 42, 42, 43, 55]"
22634,"[55, 42, 42, 43, 55]"
22635,"[55, 42, 42, 43, 55]"
22636,"[55, 55]"
22637,"[42, 43, 55, 42, 42]"
22638,"[42, 43, 55, 42, 55]"
22639,"[55, 42, 42, 43, 55]"
22640,"[55, 42, 42, 43, 55]"
22641,"[43, 55, 42, 42, 55]"
22642,"[55, 42, 42, 43, 55]"
22650,"[32, 55, 32]"
22651,"[123, 124, 15]"
22652,"[124, 55, 123, 55]"
22653,"[123, 124, 55, 55]"
22656,"[278, 225]"
22657,"[55, 278, 55]"
22658,"[55, 278, 55]"
22659,"[55, 55]"
22661,"[55, 55]"
22662,"[55, 55]"
22663,"[55]"
22664,"[55, 55]"
22665,"[55, 42, 42, 43, 55]"
22666,"[55, 55]"
22667,"[55, 55]"
22668,"[55, 55]"
22669,"[55, 55]"
22670,"[55, 279, 55]"
22673,"[55, 55]"
22674,"[55, 55]"
22677,"[55, 55]"
22678,"[55, 55]"
22679,"[55, 55]"
22680,"[55, 190, 55]"
22683,"[55, 55]"
22684,"[55, 55]"
22685,"[194, 54, 185]"
22688,"[190, 190, 190]"
22690,"[55, 190, 55]"
22691,"[279]"
22692,"[55, 190, 55]"
22694,"[55, 190, 55]"
22695,"[55, 190, 55]"
22696,"[55, 190, 55]"
22697,"[55, 190, 55]"
22698,"[55, 190, 55]"
22699,"[55]"
22702,"[257, 257, 279]"
22703,"[257, 257, 190]"
22704,"[55, 279, 55]"
22705,"[279, 55, 279]"
22706,"[279, 55, 279]"
22707,"[55, 279, 55]"
22708,"[279, 55, 55]"
22709,"[279, 55, 190]"
22710,"[279, 55, 55]"
22711,"[55, 279, 55]"
22712,"[54, 279, 279]"
22714,"[191, 191, 191, 184, 184, 191]"
22715,"[191, 191, 191, 191]"
22716,"[191, 191, 191, 194]"
22718,"[191, 191, 191, 191]"
22719,"[191, 191, 191, 184, 184, 184]"
22720,"[55, 194, 194]"
22721,"[55, 194, 55]"
22722,"[55, 194, 194]"
22723,"[55, 194, 194]"
22724,"[55, 194, 194]"
22725,"[55, 194, 55]"
22726,"[55, 18, 18, 194]"
22727,"[55, 194, 194]"
22731,"[80, 81, 80, 80]"
22732,"[80, 81, 80, 80]"
22733,"[55, 55]"
22735,"[55, 55]"
22736,"[55, 55]"
22759,"[55, 79, 79, 55]"
22760,"[112, 113, 110, 111, 110]"
22761,"[226, 226]"
22763,"[227, 227]"
22767,"[215, 215, 143, 215]"
22768,"[232, 232]"
22769,"[241, 241]"
22771,"[55, 79, 79, 55]"
22772,"[190, 18, 54, 18, 279]"
22797,"[1, 1]"
22811,"[168]"
22815,"[47]"
22816,"[168]"
22870,"[42, 42, 43, 55]"
22871,"[185, 185]"
22872,"[186, 187, 188, 186]"
22874,"[55, 55]"
22876,"[194, 194]"
22879,"[154, 298]"
22881,"[218, 218]"
22886,"[218, 80]"
22887,"[135, 134, 134, 134]"
22888,"[70, 69, 69, 70]"
22889,"[15, 15]"
22890,"[142, 140, 40, 142, 140, 40, 246, 246, 142]"
22891,"[193, 193, 193]"
22893,"[189, 189, 189, 189]"
22894,"[221, 172, 171, 222, 118, 220, 221]"
22896,"[202, 202, 54]"
22898,"[48, 48, 80]"
22899,"[201, 18, 18, 32]"
22902,"[132, 132]"
22904,"[17, 16, 18]"
22909,"[18, 18, 16, 136, 18]"
22912,"[18, 18, 136, 79]"
22914,"[79, 79, 79]"
22916,"[136, 18, 18, 54]"
22922,"[158]"
22923,"[158]"
22924,"[87]"
22925,"[158]"
22927,"[87]"
22928,"[96]"
22929,"[165]"
22930,"[134]"
22931,"[69]"
22933,"[139]"
22934,"[158]"
22935,"[158]"
22936,"[158]"
22939,"[158]"
22940,"[165]"
22941,"[158]"
22942,"[96]"
22943,"[158]"
22945,"[165]"
22947,"[158]"
22949,"[158]"
22951,"[158]"
22952,"[158]"
22953,"[158]"
22955,"[142]"
22957,"[158]"
22959,"[165]"
22961,"[158]"
22962,"[158]"
22964,"[158]"
22966,"[55]"
22967,"[165]"
22968,"[165]"
22971,"[140]"
22977,"[158]"
22979,"[352]"
22980,"[165]"
22981,"[134]"
22984,"[165]"
22985,"[55]"
22986,"[165]"
22987,"[165]"
22988,"[165]"
22989,"[202]"
22990,"[165]"
22991,"[44]"
22993,"[352]"
22995,"[165]"
22997,"[80]"
22999,"[78]"
23001,"[165]"
23003,"[364]"
23005,"[165]"
23009,"[64]"
23037,"[246, 246, 246]"
23038,"[401, 168]"
23041,"[40, 40, 40]"
23079,"[259]"
23127,"[96]"
23149,"[110, 111, 112, 113, 110]"
23155,"[18, 79, 79, 18, 18]"
23156,"[134, 134, 135, 134]"
23268,"[172]"
23281,"[134]"
23293,"[352]"
23303,"[172]"
23309,"[168]"
23336,"[165]"
23339,"[165]"
23343,"[155]"
23346,"[140]"
23388,"[46]"
23389,"[142]"
23391,"[142]"
23434,"[134, 135, 134, 134]"
23435,"[134, 135, 134, 134]"
23437,"[134, 134, 135, 134]"
23438,"[134, 134, 135, 134]"
23441,"[40, 40, 40]"
23442,"[135, 134, 134, 134]"
23466,"[415, 168]"
23478,"[214]"
23482,"[69]"
23558,"[42, 42, 43, 225]"
23560,"[55, 42, 126, 42, 43, 127, 55]"
23572,"[12, 13, 142]"
23580,"[311, 312, 168]"
23586,"[326, 327, 326]"
23602,"[352, 353, 352]"
23617,"[352, 353, 352]"
23619,"[134, 134, 135, 134]"
23622,"[168]"
23633,"[142]"
23717,"[18]"
23741,"[135, 134, 134, 134]"
23766,"[273, 273]"
23838,"[225, 225]"
23873,"[15, 79, 79, 15]"
23892,"[87, 87, 87, 87]"
23910,"[55, 55]"
23924,"[18, 18, 16, 136, 18]"
23954,"[230, 230]"
23979,"[54, 54]"
23984,"[168]"
23987,"[168]"
24011,"[352]"
24013,"[352]"
24016,"[168]"
24020,"[168]"
24122,"[55, 55]"
24166,"[136, 18]"
24200,"[18, 18, 79, 79, 18]"
24204,"[55, 42, 42, 43, 55]"
24209,"[132, 132]"
24211,"[16, 136, 18]"
24226,"[18, 18, 136, 18]"
24227,"[246, 246, 246]"
24256,"[264, 232]"
24257,"[71, 71, 71]"
24261,"[54, 54]"
24265,"[194, 55, 194]"
24268,"[1, 1]"
24270,"[208, 47]"
24279,"[340, 273]"
24285,"[70, 70]"
24292,"[40, 40, 40]"
24295,"[142, 142, 70, 142]"
24299,"[229, 208]"
24314,"[113, 110, 111, 112, 110]"
24317,"[139]"
24318,"[110, 111, 112, 113, 110]"
24367,"[168]"
24393,"[42, 42, 43, 42]"
24396,"[54, 42, 126, 42, 43, 127, 54]"
24532,"[49, 210]"
24566,"[42, 43, 55, 42, 42]"
24587,"[40, 40, 246]"
24593,"[32, 132]"
24612,"[168]"
24683,"[109, 109]"
24691,"[154, 320, 71]"
24697,"[178, 88, 88]"
24701,"[49, 221]"
24720,"[140, 140, 140]"
24728,"[266, 266, 267, 266]"
24768,"[439, 440, 214]"
24778,"[225, 225]"
24785,"[19, 204, 205, 19]"
24792,"[142, 142, 142]"
24800,"[193, 193, 193]"
24804,"[311, 312, 168]"
24806,"[40, 40, 40]"
24821,"[221, 222, 221]"
24880,"[110, 111, 112, 113, 110]"
24918,"[40, 40, 40]"
24956,"[224]"
24977,"[224]"
24994,"[266]"
24995,"[225]"
24996,"[225]"
25001,"[225]"
25006,"[224]"
25009,"[266]"
25016,"[225]"
25025,"[266]"
25032,"[18, 79, 79, 18, 18]"
25043,"[194, 54, 194]"
25046,"[225]"
25052,"[225]"
25090,"[54, 190, 279]"
25099,"[40, 40, 246]"
25180,"[132, 132, 132]"
25192,"[140, 140, 140]"
25203,"[224, 224]"
25204,"[224, 224]"
25207,"[266, 267, 266, 266]"
25233,"[165]"
25234,"[246]"
25235,"[88]"
25279,"[352]"
25284,"[352]"
25289,"[326]"
25293,"[352]"
25311,"[78]"
25315,"[352]"
25326,"[168]"
25498,"[40, 40, 40]"
25520,"[111, 112, 113, 110, 110]"
25523,"[210, 265, 210]"
25550,"[43, 55, 42, 42, 55]"
25630,"[110, 111, 112, 113, 110]"
25634,"[338, 338, 339, 219]"
25667,"[246, 246, 45, 246]"
25674,"[79, 79, 18, 18, 79]"
25677,"[55, 194, 55]"
25707,"[79, 79, 18, 18, 18]"
25745,"[412]"
25751,"[168]"
25754,"[168]"
25784,"[168]"
25849,"[168]"
25857,"[168]"
25892,"[18, 18, 79, 79, 18]"
25898,"[40, 40, 246]"
25906,"[18, 79, 79, 18, 79]"
25908,"[54, 54]"
25909,"[55, 55]"
25928,"[46, 46]"
25931,"[227, 227]"
25935,"[18, 79, 18, 79, 136, 18]"
25936,"[54, 54]"
25937,"[55, 55]"
25938,"[194, 55, 194]"
25953,"[54, 55, 54]"
25960,"[110, 111, 112, 113, 110]"
25967,"[190, 190]"
25984,"[190, 279]"
26067,"[165, 165]"
26071,"[140, 140, 140]"
26295,"[246, 246, 246]"
26314,"[88, 88]"
26334,"[224, 224]"
26346,"[172, 171, 220, 220]"
26392,"[40, 40, 40]"
26408,"[79, 79, 79]"
26411,"[18, 18, 79, 79, 79]"
26417,"[55, 55]"
26687,"[134, 134, 135, 140, 140, 134]"
26704,"[336, 336, 352]"
26711,"[266, 267, 266, 266]"
26720,"[341, 78, 341, 342, 227]"
26725,"[40, 40, 246]"
26728,"[18, 18, 17, 136, 18]"
26788,"[248, 247, 250]"
26790,"[166, 167, 166]"
26796,"[225, 225]"
26801,"[40, 40, 40]"
26805,"[224, 224]"
26812,"[134]"
26817,"[71, 254, 71]"
26820,"[154, 298]"
26824,"[320, 298]"
26826,"[110, 111, 112, 113, 110]"
26828,"[259]"
26862,"[246, 246, 246]"
26870,"[78, 78]"
26877,"[45, 45]"
26880,"[250, 250]"
26930,"[70, 70]"
26946,"[271, 271]"
27003,"[266, 267, 266, 225]"
27005,"[225, 225]"
27007,"[225, 225]"
27009,"[266, 267, 266, 266]"
27010,"[266, 267, 266, 266]"
27011,"[266, 266, 267, 266]"
27012,"[266, 267, 266, 266]"
27013,"[266, 267, 266, 266]"
27018,"[225, 225]"
27020,"[266, 267, 266, 266]"
27028,"[266, 267, 266, 266]"
27068,"[246, 246, 246]"
27107,"[271, 271]"
27116,"[70, 70]"
27161,"[55, 185, 55]"
27204,"[40, 40, 40]"
27230,"[134, 135, 140, 140, 134, 134]"
27279,"[55, 55]"
29066,"[194, 55]"
29088,"[296, 297, 296, 295, 246]"
29089,"[298, 298, 71]"
29107,"[186, 187, 188, 186]"
29114,"[387, 388, 42]"
29147,"[168]"
29161,"[132]"
29169,"[246, 246, 246]"
29246,"[159]"
29250,"[71]"
29255,"[173]"
29490,"[266]"
29491,"[352]"
29500,"[64]"
29515,"[42, 42, 43, 55, 55]"
29516,"[190, 55, 55]"
29517,"[279, 279]"
29518,"[194, 55, 194]"
29529,"[193]"
29537,"[263]"
29539,"[168]"
29542,"[352]"
29941,"[364]"
29955,"[225]"
30086,"[40]"
30089,"[44]"
30105,"[209]"
30111,"[18]"
30113,"[55]"
30114,"[55]"
30115,"[54]"
30123,"[168]"
30127,"[326]"
30137,"[142]"
30171,"[225]"
30182,"[326]"
31373,"[134]"
31375,"[208]"
31380,"[140]"
31779,"[134]"
31967,"[69]"
31989,"[134]"
32029,"[246]"
32030,"[69]"
32034,"[87]"
32035,"[18]"
32037,"[54]"
32038,"[55]"
32039,"[190]"
32040,"[55]"
32077,"[40]"
32088,"[55]"
32144,"[55]"
32147,"[194]"
36678,"[134]"
36694,"[338]"
36699,"[46]"
36706,"[251]"
36715,"[239]"
36733,"[78]"
36734,"[209]"
36735,"[165]"
37839,"[341]"
37886,"[71]"
37897,"[221]"
37962,"[224]"
37963,"[40]"
37965,"[110]"
37967,"[32]"
37974,"[225]"
37975,"[166]"
38013,"[49]"
38086,"[88]"
38313,"[109]"
38317,"[142]"
38322,"[326]"
38324,"[352]"
38337,"[246]"
38494,"[263]"
38557,"[134]"
38585,"[246]"
38619,"[224]"
38668,"[246]"
38702,"[224]"
38730,"[110]"
38769,"[246]"
38780,"[45]"
38787,"[49]"
38788,"[158]"
38891,"[338]"
39057,"[110]"
39068,"[221]"
39099,"[194]"
39107,"[221]"
39596,"[331, 332, 40]"
39597,"[297, 296, 295, 296, 246]"
39606,"[134, 134, 135, 134]"
39633,"[179, 69]"
39640,"[335, 133]"
39647,"[71, 71, 71]"
39648,"[71, 71, 71]"
39657,"[186, 187, 188, 186]"
39685,"[384, 197, 196, 196, 54]"
39686,"[32, 361, 361, 361, 387]"
39693,"[386, 386, 386, 386, 386]"
39694,"[396, 394, 395, 42]"
39695,"[473, 473, 136]"
39700,"[378, 377, 387]"
39708,"[199, 200, 387, 388, 42]"
39715,"[400, 400, 400, 408]"
39724,"[427, 427, 54]"
39729,"[464, 464, 465, 194]"
39731,"[193, 193, 193]"
39732,"[464, 465, 464, 42]"
39736,"[385, 32]"
39737,"[386, 386, 386, 386, 79]"
39738,"[386, 386, 386, 386, 15]"
39740,"[361, 361, 361, 32, 408]"
39741,"[45]"
39743,"[252]"
39744,"[411, 409, 410, 387]"
39745,"[273]"
39746,"[464, 464, 465, 55]"
39747,"[273]"
39748,"[273]"
39749,"[403, 404, 404, 405, 202]"
39750,"[189]"
39753,"[403, 404, 404, 405, 55]"
39759,"[44]"
39762,"[227]"
39763,"[474, 475, 185]"
39767,"[227]"
39769,"[227]"
39770,"[159]"
39772,"[133]"
39773,"[142]"
39776,"[252]"
39778,"[246]"
39782,"[477, 478, 253]"
39787,"[357, 253]"
39788,"[479, 480, 44]"
39790,"[479, 480, 227]"
39792,"[483, 484, 280]"
39794,"[118]"
39797,"[485, 387]"
39799,"[485, 32]"
39801,"[485, 387]"
39803,"[485, 80]"
39807,"[485, 32]"
39809,"[485, 387]"
39824,"[486, 487, 345]"
39825,"[488, 489, 253]"
39828,"[488, 489, 248]"
39830,"[486, 487, 253]"
39832,"[165]"
39833,"[274, 275, 335]"
39837,"[159]"
39840,"[159]"
39841,"[159]"
39851,"[227]"
39871,"[252]"
39877,"[110]"
39878,"[110]"
39881,"[113]"
39882,"[252]"
39883,"[96]"
39900,"[168]"
39902,"[168]"
39903,"[168]"
39904,"[168]"
39905,"[252]"
39912,"[168]"
39913,"[221]"
39914,"[168]"
39915,"[159]"
39916,"[168]"
39920,"[168]"
39921,"[412]"
39923,"[227]"
39927,"[172]"
39929,"[80]"
39938,"[69]"
39940,"[69]"
39941,"[69]"
39945,"[155]"
39949,"[155]"
39953,"[55]"
39954,"[69]"
39956,"[189]"
39961,"[71]"
39962,"[142]"
39964,"[69]"
39966,"[168]"
39967,"[69]"
39969,"[84]"
39970,"[84]"
39971,"[84]"
39972,"[84]"
39973,"[142]"
39974,"[142]"
39975,"[142]"
39978,"[157]"
39979,"[142]"
39980,"[168]"
39981,"[142]"
39982,"[70]"
39984,"[69]"
39985,"[142]"
39986,"[69]"
39987,"[110]"
39988,"[142]"
39989,"[142]"
39991,"[232]"
39993,"[232]"
39998,"[96]"
40003,"[96]"
40005,"[158]"
40011,"[208]"
40012,"[227]"
40013,"[83]"
40014,"[227]"
40015,"[387]"
40016,"[256]"
40017,"[32]"
40020,"[80]"
40021,"[387]"
40022,"[256]"
40023,"[221]"
40032,"[173]"
40033,"[168]"
40036,"[44]"
40038,"[159]"
40039,"[168]"
40040,"[345]"
40041,"[159]"
40436,"[266]"
40449,"[134]"
40452,"[246]"
40454,"[142]"
40477,"[134]"
40509,"[266]"
40971,"[1, 1]"
40975,"[266, 267, 266, 266]"
40976,"[276, 276, 19, 19, 19]"
43100,"[79]"
43101,"[190]"
43118,"[55]"
43157,"[110]"
43205,"[246]"
43208,"[110]"
43214,"[1]"
43219,"[15]"
43220,"[55]"
44572,"[233]"
44591,"[55]"
44768,"[55]"
44771,"[55]"
45889,"[87]"
45912,"[87]"
45916,"[277]"
46086,"[55]"
46092,"[134]"
46093,"[134]"
46094,"[134]"
46097,"[1]"
46098,"[225]"
46322,"[55]"
46479,"[132]"
46556,"[79]"
46559,"[55]"
46632,"[55]"
46735,"[46]"
46739,"[87]"
46740,"[79]"
46742,"[55]"
46743,"[55]"
46744,"[55]"
46745,"[54]"
46816,"[227]"
46865,"[18]"
46991,"[165]"
46993,"[134]"
47024,"[134]"
47040,"[246]"
47056,"[209]"
47057,"[228]"
47066,"[55]"
47067,"[256]"
47092,"[39]"
47101,"[145]"
47128,"[55]"
47221,"[246]"
47222,"[338]"
47223,"[110]"
47224,"[227]"
47230,"[55]"
47249,"[225]"
47265,"[78]"
47365,"[18]"
47380,"[54]"
47382,"[279]"
47388,"[194]"
47423,"[55]"
47424,"[194]"
47430,"[32]"
47431,"[246]"
47432,"[246]"
47434,"[246]"
47435,"[246]"
47436,"[246]"
47437,"[246]"
47438,"[246]"
47439,"[253]"
47441,"[246]"
47442,"[40]"
47443,"[246]"
47444,"[246]"
47447,"[87]"
47448,"[139]"
47449,"[134]"
47450,"[134]"
47451,"[134]"
47452,"[134]"
47453,"[113]"
47454,"[139]"
47455,"[134]"
47456,"[140]"
47457,"[134]"
47460,"[140]"
47465,"[139]"
47468,"[215]"
47469,"[139]"
47471,"[87]"
47472,"[69]"
47473,"[69]"
47474,"[227]"
47475,"[248]"
47477,"[133]"
47479,"[142]"
47480,"[32]"
47481,"[227]"
47482,"[71]"
47483,"[71]"
47484,"[71]"
47487,"[79]"
47489,"[71]"
47491,"[71]"
47492,"[189]"
47494,"[186]"
47495,"[54]"
47502,"[186]"
47506,"[298]"
47507,"[298]"
47508,"[80]"
47513,"[132]"
47514,"[15]"
47515,"[32]"
47516,"[32]"
47517,"[42]"
47518,"[386]"
47519,"[18]"
47520,"[18]"
47521,"[18]"
47522,"[18]"
47523,"[79]"
47524,"[18]"
47525,"[42]"
47526,"[18]"
47527,"[15]"
47528,"[18]"
47529,"[18]"
47530,"[79]"
47531,"[79]"
47532,"[18]"
47533,"[18]"
47534,"[55]"
47535,"[55]"
47536,"[79]"
47537,"[55]"
47539,"[185]"
47540,"[18]"
47541,"[79]"
47570,"[55]"
47571,"[55]"
47572,"[55]"
47598,"[55]"
47599,"[55]"
47604,"[185]"
47605,"[266]"
47610,"[248]"
47619,"[193]"
47620,"[193]"
47621,"[49]"
47622,"[335]"
47623,"[412]"
47624,"[356]"
47626,"[80]"
47627,"[227]"
47629,"[80]"
47630,"[387]"
47631,"[387]"
47632,"[387]"
47633,"[32]"
47634,"[32]"
47635,"[387]"
47637,"[80]"
47638,"[32]"
47639,"[32]"
47640,"[387]"
47641,"[387]"
47642,"[253]"
47653,"[485]"
47654,"[248]"
47655,"[248]"
47656,"[253]"
47659,"[253]"
47664,"[110]"
47665,"[335]"
47666,"[227]"
47667,"[227]"
47668,"[227]"
47669,"[227]"
47670,"[335]"
47671,"[335]"
47672,"[335]"
47673,"[252]"
47674,"[110]"
47675,"[110]"
47676,"[300]"
47677,"[300]"
47678,"[300]"
47679,"[300]"
47680,"[71]"
47681,"[252]"
47683,"[110]"
47684,"[110]"
47685,"[252]"
47686,"[210]"
47687,"[252]"
47688,"[110]"
47689,"[300]"
47690,"[110]"
47692,"[110]"
47693,"[110]"
47694,"[110]"
47695,"[110]"
47697,"[110]"
47698,"[110]"
47699,"[110]"
47700,"[110]"
47701,"[110]"
47702,"[110]"
47703,"[246]"
47704,"[40]"
47705,"[246]"
47706,"[40]"
47707,"[40]"
47709,"[246]"
47710,"[246]"
47712,"[246]"
47713,"[40]"
47715,"[246]"
47716,"[69]"
47717,"[40]"
47718,"[246]"
47720,"[246]"
47722,"[47]"
47723,"[246]"
47724,"[40]"
47725,"[246]"
47726,"[246]"
47727,"[145]"
47728,"[165]"
47730,"[246]"
47731,"[110]"
47732,"[134]"
47734,"[87]"
47736,"[139]"
47737,"[87]"
47738,"[87]"
47739,"[134]"
47740,"[134]"
47741,"[134]"
47743,"[134]"
47744,"[134]"
47745,"[134]"
47746,"[134]"
47747,"[134]"
47748,"[134]"
47749,"[134]"
47750,"[87]"
47752,"[134]"
47753,"[134]"
47754,"[134]"
47755,"[134]"
47767,"[19]"
47769,"[87]"
47771,"[139]"
47773,"[19]"
47774,"[44]"
47775,"[142]"
47776,"[335]"
47777,"[227]"
47779,"[335]"
47780,"[227]"
47781,"[227]"
47783,"[248]"
47785,"[193]"
47786,"[256]"
47788,"[71]"
47789,"[189]"
47790,"[217]"
47793,"[54]"
47811,"[298]"
47812,"[186]"
47813,"[186]"
47839,"[134]"
47840,"[134]"
47841,"[18]"
47842,"[18]"
47843,"[18]"
47844,"[18]"
47845,"[18]"
47846,"[18]"
47847,"[18]"
47848,"[18]"
47849,"[18]"
47850,"[79]"
47851,"[18]"
47852,"[18]"
47853,"[79]"
47854,"[18]"
47858,"[18]"
47859,"[32]"
47860,"[132]"
47861,"[185]"
47862,"[15]"
47863,"[18]"
47864,"[18]"
47865,"[55]"
47866,"[42]"
47867,"[79]"
47868,"[42]"
47869,"[32]"
47870,"[32]"
47871,"[55]"
47872,"[386]"
47873,"[15]"
47932,"[78]"
47942,"[193]"
47943,"[193]"
47944,"[184]"
47945,"[253]"
47946,"[253]"
47947,"[356]"
47948,"[227]"
47949,"[184]"
47951,"[44]"
47952,"[280]"
47953,"[387]"
47954,"[32]"
47955,"[42]"
47956,"[32]"
47957,"[185]"
47958,"[32]"
47959,"[225]"
47960,"[32]"
47961,"[387]"
47970,"[253]"
47971,"[273]"
47972,"[248]"
47973,"[253]"
47974,"[335]"
47977,"[227]"
47978,"[110]"
47979,"[335]"
47981,"[227]"
47982,"[227]"
47983,"[227]"
47984,"[335]"
47985,"[133]"
47986,"[110]"
47987,"[110]"
47988,"[110]"
47989,"[110]"
47990,"[300]"
47991,"[110]"
47993,"[110]"
47995,"[110]"
47996,"[110]"
47997,"[110]"
47999,"[110]"
48000,"[110]"
48001,"[110]"
48003,"[110]"
48004,"[110]"
48006,"[110]"
48007,"[110]"
48008,"[110]"
48009,"[110]"
48011,"[110]"
48012,"[40]"
48013,"[40]"
48014,"[40]"
48015,"[246]"
48016,"[71]"
48017,"[142]"
48018,"[69]"
48021,"[140]"
48024,"[134]"
48025,"[134]"
48026,"[134]"
48027,"[134]"
48029,"[139]"
48030,"[133]"
48031,"[227]"
48037,"[189]"
48048,"[132]"
48049,"[132]"
48050,"[18]"
48051,"[79]"
48052,"[18]"
48053,"[15]"
48054,"[15]"
48055,"[15]"
48056,"[55]"
48057,"[140]"
48058,"[55]"
48059,"[55]"
48060,"[55]"
48061,"[387]"
48062,"[185]"
48066,"[32]"
48067,"[80]"
48068,"[185]"
48070,"[224]"
48072,"[248]"
48074,"[32]"
48075,"[387]"
48076,"[32]"
48080,"[246]"
48082,"[134]"
48084,"[139]"
48086,"[18]"
48087,"[79]"
48088,"[18]"
48089,"[79]"
48090,"[54]"
48091,"[190]"
48092,"[55]"
48093,"[335]"
48094,"[110]"
48099,"[219]"
48101,"[412]"
48107,"[412]"
48115,"[184]"
48116,"[80]"
48117,"[227]"
48120,"[185]"
48122,"[185]"
48123,"[32]"
48124,"[32]"
48125,"[185]"
48126,"[185]"
48127,"[54]"
48135,"[248]"
48139,"[32]"
48140,"[158]"
48144,"[240]"
48145,"[80]"
48147,"[54]"
48149,"[54]"
48150,"[55]"
48169,"[80]"
48170,"[408]"
48173,"[32]"
48177,"[140]"
48178,"[32]"
48179,"[185]"
48182,"[219]"
48183,"[42]"
48184,"[54]"
48189,"[134]"
48190,"[202]"
48192,"[190]"
48195,"[190]"
48197,"[190]"
48199,"[186]"
48203,"[190]"
48207,"[279]"
48212,"[55]"
48214,"[71]"
48216,"[387]"
48223,"[191]"
48228,"[184]"
48229,"[191]"
48230,"[194]"
48232,"[194]"
48233,"[194]"
48234,"[194]"
48242,"[191]"
48243,"[55]"
48247,"[194]"
48257,"[80]"
48259,"[55]"
48261,"[194]"
48262,"[32]"
48263,"[71]"
48264,"[55]"
48266,"[191]"
48267,"[190]"
48269,"[55]"
48270,"[227]"
48271,"[191]"
48272,"[88]"
48273,"[42]"
48278,"[253]"
48282,"[224]"
48283,"[202]"
48284,"[54]"
48286,"[54]"
48287,"[191]"
48289,"[55]"
48300,"[256]"
48302,"[256]"
48303,"[55]"
67556,"[42]"
67570,"[42]"
67575,"[55]"
67578,"[55]"
67581,"[42]"
67593,"[55]"
68037,"[42]"
68038,"[55]"
68040,"[55]"
68042,"[55]"
68045,"[42]"
68047,"[42]"
68050,"[140]"
70536,"[168]"
70537,"[170]"
70538,"[168]"
70539,"[168]"
70541,"[168]"
70542,"[168]"
70543,"[168]"
70546,"[168]"
70547,"[168]"
70549,"[168]"
70550,"[170]"
70551,"[168]"
70552,"[158]"
70553,"[407]"
70555,"[170]"
70556,"[168]"
70558,"[168]"
70559,"[168]"
70560,"[326]"
70561,"[168]"
70562,"[168]"
70564,"[168]"
70565,"[168]"
70566,"[168]"
70567,"[168]"
70569,"[168]"
70570,"[168]"
70571,"[168]"
70572,"[168]"
70573,"[168]"
70574,"[170]"
70575,"[168]"
70576,"[352]"
70577,"[168]"
70578,"[168]"
70579,"[168]"
70581,"[168]"
70582,"[168]"
70583,"[168]"
70584,"[168]"
70586,"[168]"
70587,"[168]"
70588,"[168]"
70589,"[168]"
70590,"[326]"
70591,"[168]"
70592,"[168]"
70593,"[168]"
70594,"[168]"
70596,"[168]"
70597,"[168]"
70598,"[168]"
70599,"[170]"
70601,"[168]"
70602,"[168]"
70603,"[168]"
70604,"[158]"
70605,"[158]"
70606,"[168]"
70607,"[168]"
70782,"[55]"
70783,"[42]"
70786,"[42]"
70787,"[55]"
70788,"[42]"
70789,"[55]"
70835,"[185]"
70836,"[132]"
70837,"[54]"
70838,"[132]"
70840,"[42]"
70841,"[18]"
70843,"[18]"
70844,"[194]"
70845,"[55]"
70846,"[79]"
70848,"[79]"
70849,"[15]"
70850,"[79]"
70851,"[79]"
70852,"[55]"
70853,"[42]"
70854,"[132]"
70855,"[55]"
70856,"[79]"
70857,"[80]"
70861,"[18]"
70862,"[55]"
70863,"[18]"
70865,"[79]"
70866,"[55]"
70867,"[55]"
70868,"[79]"
70869,"[55]"
70870,"[15]"
70871,"[15]"
70872,"[42]"
70873,"[132]"
70874,"[55]"
70875,"[42]"
70876,"[79]"
70878,"[79]"
70879,"[55]"
70880,"[79]"
70881,"[32]"
70882,"[79]"
70883,"[55]"
70885,"[80]"
70886,"[55]"
70888,"[55]"
70891,"[55]"
70893,"[54]"
70894,"[55]"
70895,"[132]"
70897,"[132]"
70899,"[55]"
70900,"[54]"
70901,"[18]"
70902,"[55]"
70906,"[55]"
70907,"[80]"
168324,"[158]"
168325,"[158]"
168326,"[158]"
168327,"[158]"
168328,"[158]"
168329,"[158]"
168330,"[46]"
168331,"[44]"
168332,"[168]"
168333,"[47]"
168334,"[168]"
168335,"[47]"
168336,"[84]"
168337,"[70]"
168338,"[84]"
168339,"[84]"
168340,"[142]"
168341,"[69]"
168342,"[142]"
168343,"[70]"
168344,"[159]"
168345,"[47]"
168346,"[142]"
168347,"[69]"
168348,"[70]"
168349,"[78]"
168351,"[78]"
178627,"[140]"
178628,"[155]"
178634,"[158]"
178635,"[246]"
182898,"[194]"
182900,"[252]"
182901,"[69]"
182902,"[54]"
182905,"[55]"
182906,"[55]"
182907,"[55]"
182913,"[134]"
182914,"[55]"
219324,"[54]"
242460,"[227]"
242462,"[110]"
242463,"[44]"
242465,"[44]"
242466,"[44]"
242467,"[165]"
242469,"[273]"
242470,"[227]"
257062,"[18]"
257063,"[18]"
257065,"[246]"
257066,"[55]"
257068,"[54]"
257071,"[252]"
257083,"[335]"
257127,"[55]"
274411,"[202]"
274535,"[32]"
303073,"[256]"
